"fuente","team_name","pitcher","player_id","ip","gs","gp","w","l","era","whip","fip","k9","bb9","hr9","reg_risk_score","reg_risk_label","stress_index","stress_label"
"2025 (sin datos 2026)","Acereros del Norte","Christian Young",670405,85,18,18,4,3,4.98,1.4,4.92647058823529,6.56,3.28,1.48,51.9,"✓ Estable",47.5,"🟢 Bajo"
"2026","Acereros del Norte","Wilmer Rios",658140,35,6,7,2,2,7.2,1.43,5.69285714285714,6.69,2.06,2.31,75,"⚠️ ERA alto — candidato a mejorar",47,"🟢 Bajo"
"2026","Acereros del Norte","Jake McSteen",701151,26.1,6,6,3,3,6.84,1.67,2.84348659003831,8.89,2.05,0.68,71.2,"↗ Ligeramente sobre promedio",30.9,"🟢 Bajo"
"2026","Acereros del Norte","Jackson Goddard",680725,25.2,6,6,2,0,4.56,1.75,4.41984126984127,7.36,5.61,0.7,47.5,"✓ Estable",53.6,"🟡 Moderado"
"2026","Acereros del Norte","Amilcar Carreon",840328,15.1,5,5,0,1,5.87,1.37,2.28907284768212,6.46,1.76,0,61.1,"↗ Ligeramente sobre promedio",28.6,"🟢 Bajo"
"2026","Acereros del Norte","Jorge Tavarez",664590,20.1,3,5,1,2,3.98,0.98,2.45348258706468,7.97,1.33,0.44,41.5,"✓ Estable",14.6,"🟢 Bajo"
"2026","Acereros del Norte","Brady Miller",835985,16,3,3,1,2,3.94,1.63,3.2125,6.75,2.25,0.56,41,"✓ Estable",23.1,"🟢 Bajo"
"2026","Acereros del Norte","A.J. Candelario",668826,11,3,3,1,1,4.91,1.91,4.69545454545455,5.73,4.91,0.82,51.1,"✓ Estable",55.1,"🟡 Moderado"
"2026","Acereros del Norte","Rolando Mora",807608,17,2,7,2,1,3.71,1.29,2.09117647058823,12.18,2.65,0.53,38.6,"↘ Ligeramente bajo promedio",23.9,"🟢 Bajo"
"2026","Acereros del Norte","Jonathan Lopez",803167,10.2,1,9,0,0,5.06,1.97,6.67941176470588,7.59,4.22,2.53,52.7,"✓ Estable",63.3,"🟡 Moderado"
"2025 (sin datos 2026)","Acereros del Norte","Chris Muller",676726,42.1,0,41,1,4,5.74,1.7,5.73907363420428,6.8,4.89,1.7,59.8,"✓ Estable",54.8,"🟡 Moderado"
"2025 (sin datos 2026)","Acereros del Norte","Anderson Severino",644429,37,0,43,3,1,2.68,1.3,2.63648648648649,11.19,4.86,0.24,27.9,"↘ Ligeramente bajo promedio",32.8,"🟢 Bajo"
"2025 (sin datos 2026)","Acereros del Norte","Francisco Morales",672839,33.2,0,36,2,0,5.08,1.49,4.86686746987952,9.09,5.35,1.34,52.9,"✓ Estable",52.2,"🟡 Moderado"
"2025 (sin datos 2026)","Acereros del Norte","Luis Reyes",642530,26.2,0,26,3,1,3.04,1.46,5.40190839694657,4.73,5.4,1.01,31.7,"↘ Ligeramente bajo promedio",47.6,"🟢 Bajo"
"2025 (sin datos 2026)","Acereros del Norte","R.J. Alaniz",595798,26.2,0,28,3,0,4.05,1.5,2.23396946564885,13.84,5.06,0.34,42.2,"✓ Estable",35.5,"🟢 Bajo"
"2026","Acereros del Norte","Ivan Armstrong",678371,13.2,0,13,0,0,2.63,1.02,2.54393939393939,8.56,3.95,0,27.4,"↘ Ligeramente bajo promedio",23.7,"🟢 Bajo"
"2026","Acereros del Norte","Ryley Gilliam",663894,13.1,0,13,1,2,4.05,1.13,1.62328244274809,10.8,2.7,0,42.2,"✓ Estable",16.2,"🟢 Bajo"
"2026","Acereros del Norte","Pedro Reyes",693804,12.2,0,8,0,0,4.97,1.42,4.54344262295082,8.53,3.55,1.42,51.8,"✓ Estable",42.6,"🟢 Bajo"
"2026","Acereros del Norte","Estalin Ortiz",679215,12.1,0,15,1,0,2.19,1.38,0.83595041322314,16.78,4.38,0,22.8,"⚠️ ERA bajo — riesgo regresión",26.3,"🟢 Bajo"
"2026","Acereros del Norte","Carlos Romero",673395,12,0,15,0,0,1.5,1.17,2.31666666666667,8.25,3,0,15.6,"⚠️ ERA bajo — riesgo regresión",18,"🟢 Bajo"
"2026","Acereros del Norte","Christian Cosby",681797,10,0,11,0,1,8.1,2.2,7.25,5.4,8.1,1.8,84.4,"⚠️ ERA alto — candidato a mejorar",75.6,"🔴 Alto — bullpen expuesto"
"2026","Acereros del Norte","Jorge Rodriguez",681659,8.2,0,6,0,0,10.38,2.42,3.39390243902439,10.38,3.12,1.04,100,"⚠️ ERA alto — candidato a mejorar",34.3,"🟢 Bajo"
"2025 (sin datos 2026)","Acereros del Norte","Jameson McGrane",682494,8,0,11,1,1,13.5,2.88,5.525,6.75,6.75,1.13,100,"⚠️ ERA alto — candidato a mejorar",57.5,"🟡 Moderado"
"2026","Acereros del Norte","Angel Felipe",665734,7,0,9,0,0,2.57,1.29,3.72142857142857,5.14,5.14,0,26.8,"↘ Ligeramente bajo promedio",30.8,"🟢 Bajo"
"2026","Acereros del Norte","Edgar Navarro",679346,5.2,0,7,1,0,4.76,1.59,5.45769230769231,3.18,1.59,1.59,49.6,"✓ Estable",33.4,"🟢 Bajo"
"2026","Acereros del Norte","Oscar Soria",832573,5.2,0,7,1,0,12.71,1.94,1.03461538461538,15.88,4.76,0,100,"⚠️ ERA alto — candidato a mejorar",28.6,"🟢 Bajo"
"2025 (sin datos 2026)","Algodoneros Union Laguna","Travis Lakins",664042,95.1,18,18,9,3,4.72,1.4,3.82297581493165,7.08,2.64,0.94,49.2,"✓ Estable",31.5,"🟢 Bajo"
"2025 (sin datos 2026)","Algodoneros Union Laguna","Grant Gavin",667050,70,14,14,4,3,4.11,1.27,4.42142857142857,8.23,3.73,1.29,42.8,"✓ Estable",45.4,"🟢 Bajo"
"2026","Algodoneros Union Laguna","Ricardo Sánchez",645307,36.1,7,7,2,2,6.19,1.62,4.28573407202216,6.19,3.22,0.99,64.5,"↗ Ligeramente sobre promedio",36.7,"🟢 Bajo"
"2026","Algodoneros Union Laguna","Jaime Barria",642545,32,7,7,1,4,4.5,1.5,3.775,5.63,1.97,0.84,46.9,"✓ Estable",31.2,"🟢 Bajo"
"2026","Algodoneros Union Laguna","Aldo Montes",594105,27.2,7,7,1,1,8.13,1.63,4.91470588235294,6.51,3.9,1.3,84.7,"⚠️ ERA alto — candidato a mejorar",54.6,"🟡 Moderado"
"2026","Algodoneros Union Laguna","Touki Toussaint",657053,23.2,6,6,2,2,7.23,1.9,4.91724137931034,8.75,6.08,1.14,75.3,"⚠️ ERA alto — candidato a mejorar",65.5,"🟡 Moderado"
"2026","Algodoneros Union Laguna","Erasmo Ramírez",541640,12,3,3,0,1,8.25,1.58,5.4,6.75,1.5,2.25,85.9,"⚠️ ERA alto — candidato a mejorar",53.7,"🟡 Moderado"
"2026","Algodoneros Union Laguna","Lupe Chavez",660826,19.2,2,14,2,2,6.86,1.42,3.67083333333333,7.78,2.75,0.92,71.5,"↗ Ligeramente sobre promedio",30.3,"🟢 Bajo"
"2025 (sin datos 2026)","Algodoneros Union Laguna","Nick Bennett",668711,29.1,1,27,2,1,7.67,1.84,6.20841924398625,8.28,3.99,2.45,79.9,"⚠️ ERA alto — candidato a mejorar",60.7,"🟡 Moderado"
"2025 (sin datos 2026)","Algodoneros Union Laguna","Yoan López",661255,46,0,45,2,3,4.89,1.57,4.19347826086956,8.41,4.5,0.98,50.9,"✓ Estable",41.7,"🟢 Bajo"
"2025 (sin datos 2026)","Algodoneros Union Laguna","Matt Tenuta",621343,25,0,26,1,1,5.76,1.84,4.71,5.4,3.6,1.08,60,"↗ Ligeramente sobre promedio",37.8,"🟢 Bajo"
"2025 (sin datos 2026)","Algodoneros Union Laguna","Taylor Williams",592865,21.2,0,27,1,2,10.38,2.45,4.75377358490566,8.72,8.72,0.42,100,"⚠️ ERA alto — candidato a mejorar",58.6,"🟡 Moderado"
"2025 (sin datos 2026)","Algodoneros Union Laguna","Danis Correa",672550,20,0,22,1,3,7.2,2,4.8,8.55,6.75,0.9,75,"⚠️ ERA alto — candidato a mejorar",54,"🟡 Moderado"
"2026","Algodoneros Union Laguna","Miguel Vazquez",703722,17,0,17,2,1,4.24,1.47,4.73823529411765,5.29,3.71,1.06,44.2,"✓ Estable",38.2,"🟢 Bajo"
"2026","Algodoneros Union Laguna","Omar Araujo",807586,16.1,0,13,0,1,7.16,2.08,4.14378881987578,7.71,3.31,1.1,74.6,"↗ Ligeramente sobre promedio",36.4,"🟢 Bajo"
"2026","Algodoneros Union Laguna","Matt Foster",641582,16,0,17,0,2,2.81,1.69,1.525,9,1.13,0,29.3,"↘ Ligeramente bajo promedio",6.8,"🟢 Bajo"
"2026","Algodoneros Union Laguna","Hector Perez",660431,16,0,15,0,2,2.81,1.44,5.4,10.13,6.19,1.69,29.3,"↘ Ligeramente bajo promedio",62.5,"🟡 Moderado"
"2026","Algodoneros Union Laguna","Nick Snyder",676766,14.2,0,15,1,1,6.14,1.43,5.68521126760563,7.36,4.3,1.84,64,"↗ Ligeramente sobre promedio",53.4,"🟡 Moderado"
"2026","Algodoneros Union Laguna","Jacob Barnes",606930,14.1,0,12,0,0,1.26,1.12,3.43368794326241,7.53,3.14,0.63,13.1,"⚠️ ERA bajo — riesgo regresión",28.3,"🟢 Bajo"
"2025 (sin datos 2026)","Algodoneros Union Laguna","Nestor Anguamea",691959,13.2,0,14,0,0,15.15,2.78,8.15,7.24,7.9,2.63,100,"⚠️ ERA alto — candidato a mejorar",86.8,"🔴 Alto — bullpen expuesto"
"2026","Algodoneros Union Laguna","Thomas McIlraith",641852,13.1,0,12,1,0,1.35,1.28,5.59274809160305,6.08,5.4,1.35,14.1,"⚠️ ERA bajo — riesgo regresión",52.7,"🟡 Moderado"
"2026","Algodoneros Union Laguna","José Torres",600526,7.2,0,8,0,1,8.22,1.7,4.95555555555556,7.04,4.7,1.17,85.6,"⚠️ ERA alto — candidato a mejorar",45.8,"🟢 Bajo"
"2026","Algodoneros Union Laguna","Joel Rangel",827757,5.2,0,3,0,0,3.18,1.76,4.88076923076923,7.94,3.18,1.59,33.1,"↘ Ligeramente bajo promedio",42.9,"🟢 Bajo"
"2026","Algodoneros Union Laguna","Cristhofer Lozoya",814277,5.1,0,4,0,0,10.13,2.06,10.993137254902,3.38,10.13,3.38,100,"⚠️ ERA alto — candidato a mejorar",100,"🔴 Alto — bullpen expuesto"
"2025 (sin datos 2026)","Bravos de Leon","Aaron Shortridge",663336,49,11,13,2,3,6.61,1.78,6.70102040816326,6.06,5.14,2.2,68.9,"↗ Ligeramente sobre promedio",71.4,"🔴 Alto — bullpen expuesto"
"2025 (sin datos 2026)","Bravos de Leon","Adam Wolf",663684,50.1,8,22,3,2,5.9,1.79,5.7248502994012,7.33,7.15,1.25,61.5,"↗ Ligeramente sobre promedio",61.7,"🟡 Moderado"
"2025 (sin datos 2026)","Bravos de Leon","Sammy Tavarez",679013,44,8,16,2,1,6.55,1.91,5.74090909090909,5.93,5.52,1.43,68.2,"↗ Ligeramente sobre promedio",54.6,"🟡 Moderado"
"2026","Bravos de Leon","Felipe Gonzalez",542413,34.2,7,7,1,2,6.23,1.36,4.64122807017544,6.49,3.12,1.3,64.9,"↗ Ligeramente sobre promedio",42.7,"🟢 Bajo"
"2026","Bravos de Leon","Thaddeus Ward",663658,29.2,7,8,3,1,8.19,1.89,5.03356164383562,9.71,5.46,1.52,85.3,"⚠️ ERA alto — candidato a mejorar",65.2,"🟡 Moderado"
"2026","Bravos de Leon","Jeff Lindgren",689167,25,6,6,2,2,7.92,1.64,5.35,6.12,2.88,1.8,82.5,"⚠️ ERA alto — candidato a mejorar",54,"🟡 Moderado"
"2026","Bravos de Leon","Zac Lowther",675912,20,6,6,1,1,5.4,2.1,4.9,6.75,5.85,0.9,56.3,"✓ Estable",64.4,"🟡 Moderado"
"2025 (sin datos 2026)","Bravos de Leon","Alberto Guerrero",660674,18,6,6,1,2,10,2.11,6.42777777777778,4.5,8.5,1,100,"⚠️ ERA alto — candidato a mejorar",84.2,"🔴 Alto — bullpen expuesto"
"2025 (sin datos 2026)","Bravos de Leon","Chris Vallimont",681808,14.2,5,5,0,2,10.43,2.45,5.68521126760563,6.14,6.14,1.23,100,"⚠️ ERA alto — candidato a mejorar",74.6,"🔴 Alto — bullpen expuesto"
"2026","Bravos de Leon","Jonah Dipoto",665167,18.1,4,9,0,0,10.8,2.4,8.50911602209945,3.93,7.85,2.45,100,"⚠️ ERA alto — candidato a mejorar",90.9,"🔴 Alto — bullpen expuesto"
"2026","Bravos de Leon","Phillips Valdez",570488,25.1,3,10,1,1,6.39,1.42,4.54442231075697,4.97,2.84,1.07,66.6,"↗ Ligeramente sobre promedio",33.1,"🟢 Bajo"
"2025 (sin datos 2026)","Bravos de Leon","Lisalverto Bonilla",570810,9,1,4,0,0,11,2.33,8.59444444444444,4,6,3,100,"⚠️ ERA alto — candidato a mejorar",81,"🔴 Alto — bullpen expuesto"
"2026","Bravos de Leon","Gil Luna",669431,8,1,7,1,1,14.63,2.63,5.775,9,9,1.13,100,"⚠️ ERA alto — candidato a mejorar",71,"🔴 Alto — bullpen expuesto"
"2026","Bravos de Leon","Faustino Carrera",666627,5,1,1,1,0,3.6,1.2,0.75,10.8,0,0,37.5,"↘ Ligeramente bajo promedio",3.6,"🟢 Bajo"
"2025 (sin datos 2026)","Bravos de Leon","Josh Smith",663642,37.2,0,43,2,5,4.54,1.62,3.33817204301075,6.45,3.82,0.24,47.3,"✓ Estable",26.5,"🟢 Bajo"
"2025 (sin datos 2026)","Bravos de Leon","Tyler Duffey",608648,37,0,41,3,5,6.08,1.7,3.87972972972973,11.92,4.86,1.22,63.3,"↗ Ligeramente sobre promedio",47.5,"🟢 Bajo"
"2025 (sin datos 2026)","Bravos de Leon","Osiel Rodriguez",682640,33.2,0,31,2,0,7.22,1.96,5.28855421686747,4.54,5.88,0.8,75.2,"⚠️ ERA alto — candidato a mejorar",47.3,"🟢 Bajo"
"2025 (sin datos 2026)","Bravos de Leon","Rodrigo Benoit",646081,24.2,0,30,0,3,5.84,2.03,5.42272727272727,5.11,6.93,0.73,60.8,"↗ Ligeramente sobre promedio",52.5,"🟡 Moderado"
"2025 (sin datos 2026)","Bravos de Leon","Aneudy Cortorreal",683676,23.2,0,23,0,0,4.94,1.94,5.9948275862069,9.89,8.37,1.52,51.5,"✓ Estable",73,"🔴 Alto — bullpen expuesto"
"2026","Bravos de Leon","Deury Carrasco",672767,18,0,18,1,0,2,1.22,3.31666666666667,10,5,0.5,20.8,"⚠️ ERA bajo — riesgo regresión",37.5,"🟢 Bajo"
"2026","Bravos de Leon","Carlos Espinal",664284,17.1,0,19,2,1,2.08,1.33,2.85760233918129,6.75,3.63,0,21.7,"⚠️ ERA bajo — riesgo regresión",21.8,"🟢 Bajo"
"2026","Bravos de Leon","Carlos Morales",676190,15.2,0,16,0,0,2.87,0.96,3.54473684210526,9.19,2.3,1.15,29.9,"↘ Ligeramente bajo promedio",31,"🟢 Bajo"
"2026","Bravos de Leon","Robert Gsellman",607229,14.2,0,15,1,3,4.91,1.23,2.72746478873239,9.82,0,1.23,51.1,"✓ Estable",18.4,"🟢 Bajo"
"2025 (sin datos 2026)","Bravos de Leon","Andrew Bellatti",571479,13.1,0,18,0,1,7.43,2.25,8.49351145038168,4.73,10.13,2.02,77.4,"⚠️ ERA alto — candidato a mejorar",91.1,"🔴 Alto — bullpen expuesto"
"2026","Bravos de Leon","Rogelio Martinez",616571,11.2,0,9,0,0,7.71,2.23,6.45357142857143,6.17,6.94,1.54,80.3,"⚠️ ERA alto — candidato a mejorar",64.7,"🟡 Moderado"
"2025 (sin datos 2026)","Bravos de Leon","Samuel Adames",644358,10.2,0,14,1,1,11.81,2.63,6.48333333333333,4.22,5.06,1.69,100,"⚠️ ERA alto — candidato a mejorar",55.7,"🟡 Moderado"
"2026","Bravos de Leon","Angel Lopez",810862,10.1,0,11,0,0,7.84,1.74,5.82326732673267,6.1,4.35,1.74,81.7,"⚠️ ERA alto — candidato a mejorar",52.2,"🟡 Moderado"
"2026","Bravos de Leon","Jonas Garibay",691388,9,0,11,0,0,2,1.67,1.59444444444444,10,2,0,20.8,"⚠️ ERA bajo — riesgo regresión",12,"🟢 Bajo"
"2026","Bravos de Leon","Nathanael Heredia",678975,7,0,6,1,0,11.57,2,5.72142857142857,9,2.57,2.57,100,"⚠️ ERA alto — candidato a mejorar",54,"🟡 Moderado"
"2026","Bravos de Leon","Brandon Quintero",664110,6.1,0,8,0,1,4.26,2.53,6.92049180327869,5.68,8.53,1.42,44.4,"✓ Estable",72.5,"🔴 Alto — bullpen expuesto"
"2026","Bravos de Leon","Francisco Pérez",660906,6.1,0,11,1,0,8.53,1.74,1.34672131147541,14.21,4.26,0,88.9,"⚠️ ERA alto — candidato a mejorar",25.6,"🟢 Bajo"
"2026","Bravos de Leon","Robert Corniel",642522,5.1,0,8,1,0,11.81,2.81,7.46372549019608,5.06,8.44,1.69,100,"⚠️ ERA alto — candidato a mejorar",76,"🔴 Alto — bullpen expuesto"
"2025 (sin datos 2026)","Caliente de Durango","Cristofer Ogando",642657,38.2,11,11,4,3,9.08,2.2,6.50078534031414,7.22,7.68,1.63,94.6,"⚠️ ERA alto — candidato a mejorar",85.3,"🔴 Alto — bullpen expuesto"
"2025 (sin datos 2026)","Caliente de Durango","Tanner Tully",668684,42,9,9,1,4,5.14,1.57,5.41190476190476,4.71,3.43,1.5,53.5,"✓ Estable",49.1,"🟢 Bajo"
"2025 (sin datos 2026)","Caliente de Durango","Keyvius Sampson",572102,36,8,9,1,2,4.75,1.78,5.15,6.5,6,1,49.5,"✓ Estable",58.3,"🟡 Moderado"
"2026","Caliente de Durango","Odrisamer Despaigne",628333,42,7,7,2,2,4.07,1.55,3.98333333333333,6.43,2.14,1.07,42.4,"✓ Estable",28.9,"🟢 Bajo"
"2026","Caliente de Durango","Joan Adon",672851,29.2,6,6,1,0,4.25,1.52,2.73904109589041,9.71,3.94,0.3,44.3,"✓ Estable",32.7,"🟢 Bajo"
"2026","Caliente de Durango","Elian Leyva",673140,26.2,6,6,0,0,6.08,1.5,5.59274809160305,4.73,3.04,1.69,63.3,"↗ Ligeramente sobre promedio",51.8,"🟡 Moderado"
"2025 (sin datos 2026)","Caliente de Durango","Kevin Kelly",808721,37.1,5,25,3,3,9.16,2.3,4.84811320754717,7.96,7.23,0.72,95.4,"⚠️ ERA alto — candidato a mejorar",54.2,"🟡 Moderado"
"2026","Caliente de Durango","Jorge Garcia",683517,21.1,4,10,1,3,4.22,1.17,4.00308056872038,7.59,2.11,1.27,44,"✓ Estable",33.3,"🟢 Bajo"
"2026","Caliente de Durango","Jorge Sauceda",703006,20.1,4,13,1,1,3.98,1.48,1.50820895522388,11.95,3.1,0,41.5,"✓ Estable",22.1,"🟢 Bajo"
"2025 (sin datos 2026)","Caliente de Durango","Matt Solter",668605,18,4,6,0,2,6.5,2,7.59444444444444,6,6.5,2.5,67.7,"↗ Ligeramente sobre promedio",83.8,"🔴 Alto — bullpen expuesto"
"2025 (sin datos 2026)","Caliente de Durango","Jake Walters",669476,18,4,10,1,3,9,2.5,5.09444444444444,6.5,8,0.5,93.8,"⚠️ ERA alto — candidato a mejorar",62.8,"🟡 Moderado"
"2025 (sin datos 2026)","Caliente de Durango","Regi Grace",681322,7.1,2,3,0,1,8.59,2.18,8.22042253521127,4.91,7.36,2.45,89.5,"⚠️ ERA alto — candidato a mejorar",95.1,"🔴 Alto — bullpen expuesto"
"2026","Caliente de Durango","Jorge Bautista",682926,6.1,2,3,0,0,9.95,3.16,6.92049180327869,5.68,8.53,1.42,100,"⚠️ ERA alto — candidato a mejorar",90.3,"🔴 Alto — bullpen expuesto"
"2026","Caliente de Durango","Aaron Brooks",605156,5,1,1,0,0,3.6,1.2,2.15,7.2,1.8,0,37.5,"↘ Ligeramente bajo promedio",14.4,"🟢 Bajo"
"2025 (sin datos 2026)","Caliente de Durango","Saul Vazquez",678410,37,0,22,2,0,5.11,1.68,4.96081081081081,9.73,5.59,1.46,53.2,"✓ Estable",55.4,"🟡 Moderado"
"2025 (sin datos 2026)","Caliente de Durango","Diogenes Almengo",658742,34.2,0,39,3,2,9.35,1.96,5.10906432748538,5.71,6.23,0.78,97.4,"⚠️ ERA alto — candidato a mejorar",49.1,"🟢 Bajo"
"2025 (sin datos 2026)","Caliente de Durango","Wirfin Obispo",467031,33.2,0,39,3,2,7.75,1.96,5.55963855421687,9.36,6.42,1.6,80.7,"⚠️ ERA alto — candidato a mejorar",62.5,"🟡 Moderado"
"2025 (sin datos 2026)","Caliente de Durango","Emilker Guzman",675842,23.1,0,26,1,0,6.94,1.76,5.01147186147186,9.26,5.01,1.54,72.3,"↗ Ligeramente sobre promedio",53.2,"🟡 Moderado"
"2025 (sin datos 2026)","Caliente de Durango","Luis Santos",608601,21.2,0,25,1,6,9.55,1.8,5.93301886792453,7.48,4.15,2.08,99.5,"⚠️ ERA alto — candidato a mejorar",56.1,"🟡 Moderado"
"2026","Caliente de Durango","Clayton Andrews",677076,19,0,18,3,2,4.26,1.37,5.57105263157895,9.95,5.68,1.89,44.4,"✓ Estable",62.4,"🟡 Moderado"
"2026","Caliente de Durango","Hansel Robles",570663,13.1,0,15,0,2,5.4,1.8,2.23396946564885,10.13,4.05,0,56.3,"✓ Estable",24.3,"🟢 Bajo"
"2025 (sin datos 2026)","Caliente de Durango","Felipe Acosta",678414,12.2,0,15,0,0,7.11,2.29,6.10081967213115,4.26,11.37,0,74.1,"↗ Ligeramente sobre promedio",68.2,"🟡 Moderado"
"2026","Caliente de Durango","Manuel Chavez",623985,12,0,16,1,1,4.5,1.67,2.65,10.5,2.25,0.75,46.9,"✓ Estable",24.8,"🟢 Bajo"
"2026","Caliente de Durango","Esteban Bloch",691823,11.1,0,8,1,0,3.97,1.24,2.78963963963964,10.32,2.38,0.79,41.4,"✓ Estable",26.1,"🟢 Bajo"
"2026","Caliente de Durango","Rodolfo Martinez",650869,11.1,0,12,2,1,3.97,1.15,3.96081081081081,10.32,2.38,1.59,41.4,"✓ Estable",38.1,"🟢 Bajo"
"2026","Caliente de Durango","Hector Villalobos",675188,10.2,0,8,1,0,5.06,1.03,4.81666666666667,7.59,2.53,1.69,52.7,"✓ Estable",40.5,"🟢 Bajo"
"2026","Caliente de Durango","Edwyn  Valle",683030,9.2,0,11,2,0,4.66,1.66,5.43260869565217,9.31,4.66,1.86,48.5,"✓ Estable",55.9,"🟡 Moderado"
"2026","Caliente de Durango","A.J. Block",670191,8.2,0,14,1,2,11.42,2.19,4.97926829268293,14.54,10.38,1.04,100,"⚠️ ERA alto — candidato a mejorar",77.9,"🔴 Alto — bullpen expuesto"
"2025 (sin datos 2026)","Caliente de Durango","José Cruz",678804,8.2,0,8,0,0,11.42,2.54,5.46707317073171,10.38,13.5,0,100,"⚠️ ERA alto — candidato a mejorar",81,"🔴 Alto — bullpen expuesto"
"2026","Caliente de Durango","Eury Ramos",660756,8,0,10,0,0,2.25,1.25,2.525,7.88,3.38,0,23.4,"⚠️ ERA bajo — riesgo regresión",20.3,"🟢 Bajo"
"2026","Caliente de Durango","Erick Casillas",667918,7,0,9,0,1,11.57,2,6.29285714285714,6.43,2.57,2.57,100,"⚠️ ERA alto — candidato a mejorar",54,"🟡 Moderado"
"2026","Caliente de Durango","Francisco Rios",642590,6.1,0,6,0,0,7.11,1.89,5.44508196721311,5.68,4.26,1.42,74.1,"↗ Ligeramente sobre promedio",46.9,"🟢 Bajo"
"2025 (sin datos 2026)","Caliente de Durango","Irving Medina",691376,6,0,6,0,0,15,3,8.31666666666667,4.5,12,1.5,100,"⚠️ ERA alto — candidato a mejorar",94.5,"🔴 Alto — bullpen expuesto"
"2025 (sin datos 2026)","Charros de Jalisco","Eduardo Vera",622747,73,17,17,8,5,5.92,1.52,5.65684931506849,6.16,4.68,1.6,61.7,"↗ Ligeramente sobre promedio",60.9,"🟡 Moderado"
"2025 (sin datos 2026)","Charros de Jalisco","Aríel Miranda",664641,57.2,16,16,1,5,10.14,2.18,6.90874125874126,7.8,8.27,1.87,100,"⚠️ ERA alto — candidato a mejorar",91.7,"🔴 Alto — bullpen expuesto"
"2025 (sin datos 2026)","Charros de Jalisco","Dovydas Neverauskas",596720,48.1,11,13,2,2,5.96,1.78,5.72796257796258,4.47,5.03,1.3,62.1,"↗ Ligeramente sobre promedio",57.9,"🟡 Moderado"
"2026","Charros de Jalisco","Zac Grotz",665093,33.1,6,6,3,2,2.43,1.05,2.15302114803625,9.45,2.16,0.27,25.3,"↘ Ligeramente bajo promedio",17,"🟢 Bajo"
"2026","Charros de Jalisco","Luis Ivan Rodriguez",645179,29,6,6,1,3,6.83,1.62,4.15,5.9,1.55,1.24,71.1,"↗ Ligeramente sobre promedio",32.7,"🟢 Bajo"
"2026","Charros de Jalisco","Luis Payan",674478,26,6,6,0,1,5.19,1.73,5.45769230769231,7.27,2.77,2.08,54.1,"✓ Estable",56.3,"🟡 Moderado"
"2026","Charros de Jalisco","Kurt Heyer",571776,26.2,5,5,2,0,2.36,1.43,2.80648854961832,6.08,3.04,0,24.6,"⚠️ ERA bajo — riesgo regresión",20.1,"🟢 Bajo"
"2026","Charros de Jalisco","Zach Plesac",668676,23.2,5,5,1,1,6.46,1.39,5.04655172413793,7.99,2.66,1.9,67.3,"↗ Ligeramente sobre promedio",50.7,"🟡 Moderado"
"2026","Charros de Jalisco","Cesar Gomez",685461,22.1,5,5,0,2,4.84,1.57,3.96447963800905,9.67,3.63,1.21,50.4,"✓ Estable",47.8,"🟢 Bajo"
"2025 (sin datos 2026)","Charros de Jalisco","Pavel Hernandez",813817,18.1,4,5,2,2,9.82,2.13,4.91795580110497,4.42,3.93,0.98,100,"⚠️ ERA alto — candidato a mejorar",45.4,"🟢 Bajo"
"2025 (sin datos 2026)","Charros de Jalisco","Greg Minier",676951,14.2,3,6,0,2,12.27,2.45,10.1922535211268,6.14,8.59,3.68,100,"⚠️ ERA alto — candidato a mejorar",100,"🔴 Alto — bullpen expuesto"
"2025 (sin datos 2026)","Charros de Jalisco","Bryce Conley",676785,13.1,3,3,1,0,2.03,1.2,1.69961832061069,9.45,2.03,0,21.1,"⚠️ ERA bajo — riesgo regresión",20.4,"🟢 Bajo"
"2025 (sin datos 2026)","Charros de Jalisco","Carlos A. Francisco",687956,35.1,0,40,2,3,9.17,2.21,4.5460113960114,8.41,5.35,1.02,95.5,"⚠️ ERA alto — candidato a mejorar",47.4,"🟢 Bajo"
"2025 (sin datos 2026)","Charros de Jalisco","Trevor Clifton",641461,34,0,38,3,2,6.35,1.59,4.44411764705882,9.53,4.5,1.32,66.1,"↗ Ligeramente sobre promedio",46.8,"🟢 Bajo"
"2025 (sin datos 2026)","Charros de Jalisco","Jake Jewell",657228,32.2,0,35,0,3,6.34,1.96,5.01335403726708,9.64,7.16,1.1,66,"↗ Ligeramente sobre promedio",59.5,"🟡 Moderado"
"2025 (sin datos 2026)","Charros de Jalisco","Andrew Pérez",680970,32,0,37,1,1,6.75,1.72,4.68125,7.59,4.78,1.13,70.3,"↗ Ligeramente sobre promedio",45.6,"🟢 Bajo"
"2026","Charros de Jalisco","Emerson Martinez",627218,14.2,0,13,3,1,4.91,1.57,2.86830985915493,6.14,0.61,0.61,51.1,"✓ Estable",12.8,"🟢 Bajo"
"2026","Charros de Jalisco","A.J. Puckett",643494,13.2,0,13,5,0,1.98,0.73,0.498484848484848,12.51,0.66,0,20.6,"⚠️ ERA bajo — riesgo regresión",4,"🟢 Bajo"
"2026","Charros de Jalisco","Elkin Alcala",666669,12.2,0,13,0,0,3.55,1.26,2.74016393442623,9.24,4.97,0,37,"↘ Ligeramente bajo promedio",29.8,"🟢 Bajo"
"2026","Charros de Jalisco","Rafael Cordova",622742,12.1,0,14,2,0,1.46,1.38,2.48884297520661,7.3,2.92,0,15.2,"⚠️ ERA bajo — riesgo regresión",17.5,"🟢 Bajo"
"2026","Charros de Jalisco","Miguel Aguilar",620396,12.1,0,16,1,0,5.11,1.3,6.53842975206612,7.3,2.19,2.92,53.2,"✓ Estable",56.9,"🟡 Moderado"
"2026","Charros de Jalisco","Josh Green",681401,12,0,14,1,2,5.25,1.92,4.31666666666667,7.5,5.25,0.75,54.7,"✓ Estable",42.8,"🟢 Bajo"
"2026","Charros de Jalisco","Aaron McGarity",641849,11,0,11,0,0,3.27,1.55,2.60454545454545,7.36,3.27,0,34.1,"↘ Ligeramente bajo promedio",19.6,"🟢 Bajo"
"2025 (sin datos 2026)","Charros de Jalisco","Jenrry Mejia",516769,11,0,12,0,0,8.18,2.09,4.42272727272727,7.36,1.64,1.64,85.2,"⚠️ ERA alto — candidato a mejorar",34.4,"🟢 Bajo"
"2025 (sin datos 2026)","Charros de Jalisco","McKinley Moore",686842,11,0,13,0,0,9.82,1.64,3.69545454545455,11.45,5.73,0.82,100,"⚠️ ERA alto — candidato a mejorar",46.7,"🟢 Bajo"
"2026","Charros de Jalisco","Stephen Gonsalves",624427,10,0,11,0,0,4.5,1.8,3.95,14.4,8.1,0.9,46.9,"✓ Estable",62.1,"🟡 Moderado"
"2026","Charros de Jalisco","Juan Robles",660850,9.2,0,11,0,0,13.03,2.38,5.32391304347826,6.52,6.52,0.93,100,"⚠️ ERA alto — candidato a mejorar",53.1,"🟡 Moderado"
"2025 (sin datos 2026)","Charros de Jalisco","Alejandro Melean",678287,8.2,0,9,0,0,4.15,1.15,3.39390243902439,8.31,6.23,0,43.2,"✓ Estable",37.4,"🟢 Bajo"
"2025 (sin datos 2026)","Charros de Jalisco","Severino González",605894,8.1,0,7,1,1,9.72,1.92,5.74259259259259,7.56,3.24,2.16,100,"⚠️ ERA alto — candidato a mejorar",51.8,"🟡 Moderado"
"2025 (sin datos 2026)","Charros de Jalisco","Luis Villavicencio",828656,8,0,5,0,0,12.38,2.75,6.65,6.75,10.13,1.13,100,"⚠️ ERA alto — candidato a mejorar",77.7,"🔴 Alto — bullpen expuesto"
"2026","Charros de Jalisco","Daniel Federman",679946,6.1,0,7,0,1,11.37,2.68,0.363114754098361,14.21,1.42,0,100,"⚠️ ERA alto — candidato a mejorar",8.5,"🟢 Bajo"
"2025 (sin datos 2026)","Charros de Jalisco","Austin Hansen",667712,6.1,0,8,0,0,5.68,2.21,5.28114754098361,8.53,5.68,1.42,59.2,"✓ Estable",55.4,"🟡 Moderado"
"2026","Charros de Jalisco","Max Green",676055,5.2,0,4,1,0,1.59,0.53,0.842307692307692,9.53,0,0,16.6,"⚠️ ERA bajo — riesgo regresión",0,"🟢 Bajo"
"2026","Charros de Jalisco","Anthony Vizcaya",622415,5,0,5,0,0,9,1.8,11.95,3.6,5.4,5.4,93.8,"⚠️ ERA alto — candidato a mejorar",100,"🔴 Alto — bullpen expuesto"
"2025 (sin datos 2026)","Conspiradores de Queretaro","Huascar Ynoa",660623,32.2,10,10,0,5,6.89,1.59,5.01335403726708,6.06,3.58,1.38,71.8,"↗ Ligeramente sobre promedio",58.8,"🟡 Moderado"
"2025 (sin datos 2026)","Conspiradores de Queretaro","Ronald Bolaños",671790,36,9,10,1,4,10.5,2.28,7.76111111111111,5.5,7.75,2.25,100,"⚠️ ERA alto — candidato a mejorar",91.2,"🔴 Alto — bullpen expuesto"
"2025 (sin datos 2026)","Conspiradores de Queretaro","Michel Baez",673258,44.1,7,21,4,2,8.53,1.96,7.00487528344671,5.68,6.5,2.03,88.9,"⚠️ ERA alto — candidato a mejorar",69.4,"🟡 Moderado"
"2026","Conspiradores de Queretaro","Esmil Rogers",469134,31,7,7,0,4,9,2.1,5.95645161290323,2.9,4.06,1.45,93.8,"⚠️ ERA alto — candidato a mejorar",53.9,"🟡 Moderado"
"2026","Conspiradores de Queretaro","Junior Guerra",448855,29.2,7,7,1,4,11.22,2.22,7.01986301369863,6.98,8.19,1.82,100,"⚠️ ERA alto — candidato a mejorar",86.1,"🔴 Alto — bullpen expuesto"
"2026","Conspiradores de Queretaro","Tyler Alexander",622066,28.1,7,7,1,1,7.94,2.08,4.75142348754448,7.62,5.72,0.95,82.7,"⚠️ ERA alto — candidato a mejorar",59.4,"🟡 Moderado"
"2026","Conspiradores de Queretaro","Tyler Viza",643588,31.1,6,6,1,2,5.17,1.37,4.62909967845659,5.74,2.01,1.44,53.9,"✓ Estable",36,"🟢 Bajo"
"2026","Conspiradores de Queretaro","Luis Romero",673603,28.2,6,6,1,1,6.28,1.78,4.56843971631206,6.59,3.14,1.26,65.4,"↗ Ligeramente sobre promedio",43.6,"🟢 Bajo"
"2025 (sin datos 2026)","Conspiradores de Queretaro","Paolo Espino",502179,15.2,5,5,1,3,12.64,3,10.7157894736842,6.32,6.32,4.6,100,"⚠️ ERA alto — candidato a mejorar",100,"🔴 Alto — bullpen expuesto"
"2025 (sin datos 2026)","Conspiradores de Queretaro","Fredy Quintero",542278,25,4,11,0,0,7.92,2.28,5.95,3.96,7.92,0.72,82.5,"⚠️ ERA alto — candidato a mejorar",58.3,"🟡 Moderado"
"2025 (sin datos 2026)","Conspiradores de Queretaro","Dakota Chalmers",663793,9.2,3,6,0,2,13.03,3.41,7.38913043478261,11.17,19.55,0,100,"⚠️ ERA alto — candidato a mejorar",100,"🔴 Alto — bullpen expuesto"
"2025 (sin datos 2026)","Conspiradores de Queretaro","Matthew Swilley",572183,10.2,2,8,0,0,6.75,2.06,4.13039215686275,8.44,8.44,0,70.3,"↗ Ligeramente sobre promedio",53.5,"🟡 Moderado"
"2025 (sin datos 2026)","Conspiradores de Queretaro","Ofreidy Gómez",628709,46,0,48,3,5,4.7,1.65,3.2804347826087,8.61,5.28,0.2,49,"✓ Estable",34.7,"🟢 Bajo"
"2025 (sin datos 2026)","Conspiradores de Queretaro","Arnaldo Hernandez",642511,42.2,0,41,1,4,4.64,1.71,3.74241706161137,10.55,4.22,1.05,48.3,"✓ Estable",41.1,"🟢 Bajo"
"2025 (sin datos 2026)","Conspiradores de Queretaro","Adrian Gusman",616617,39.1,0,38,2,2,6.41,1.73,5.1193094629156,5.72,2.75,1.6,66.8,"↗ Ligeramente sobre promedio",40.5,"🟢 Bajo"
"2025 (sin datos 2026)","Conspiradores de Queretaro","Wandisson Charles",664301,31.2,0,30,2,2,2.27,1.23,2.76538461538462,9.95,4.26,0.28,23.6,"⚠️ ERA bajo — riesgo regresión",29.8,"🟢 Bajo"
"2025 (sin datos 2026)","Conspiradores de Queretaro","Javier Zenizo",692272,24.1,0,16,0,0,6.66,1.68,7.42385892116183,3.33,3.7,2.59,69.4,"↗ Ligeramente sobre promedio",61,"🟡 Moderado"
"2025 (sin datos 2026)","Conspiradores de Queretaro","Fabian Muniz",803170,21.2,0,17,1,0,7.89,1.75,6.87641509433962,7.06,6.65,2.08,82.2,"⚠️ ERA alto — candidato a mejorar",71.1,"🔴 Alto — bullpen expuesto"
"2026","Conspiradores de Queretaro","Denny Roman",680653,17,0,22,2,0,4.24,1.41,3.20882352941176,6.35,2.12,0.53,44.2,"✓ Estable",20.7,"🟢 Bajo"
"2026","Conspiradores de Queretaro","Reymin Guduan",594056,16,0,14,1,1,3.38,1.56,2.9625,8.44,5.06,0,35.2,"↘ Ligeramente bajo promedio",30.4,"🟢 Bajo"
"2026","Conspiradores de Queretaro","Roman Mendez",542669,15.2,0,20,0,2,7.47,1.85,6.57105263157895,4.02,5.17,1.72,77.8,"⚠️ ERA alto — candidato a mejorar",56.8,"🟡 Moderado"
"2026","Conspiradores de Queretaro","Jose Betances",677643,15.1,0,16,2,0,7.63,2.15,6.79238410596026,7.63,8.22,1.76,79.5,"⚠️ ERA alto — candidato a mejorar",75.7,"🔴 Alto — bullpen expuesto"
"2026","Conspiradores de Queretaro","Ernesto Zaragoza",592889,14.1,0,8,1,0,3.14,1.19,4.49751773049645,6.91,3.14,1.26,32.7,"↘ Ligeramente bajo promedio",37.7,"🟢 Bajo"
"2025 (sin datos 2026)","Conspiradores de Queretaro","Jhon Romero",664584,14.1,0,16,2,0,6.28,1.88,6.69609929078014,10.67,9.42,1.88,65.4,"↗ Ligeramente sobre promedio",84.7,"🔴 Alto — bullpen expuesto"
"2026","Conspiradores de Queretaro","Colten Davis",829416,14,0,15,0,1,3.21,1.64,4.86428571428571,10.29,6.43,1.29,33.4,"↘ Ligeramente bajo promedio",57.9,"🟡 Moderado"
"2026","Conspiradores de Queretaro","Wellington Diaz",670905,14,0,14,1,1,3.21,1.29,3.15,7.71,5.14,0,33.4,"↘ Ligeramente bajo promedio",30.8,"🟢 Bajo"
"2026","Conspiradores de Queretaro","Samuel Zazueta",650980,10,0,13,0,1,10.8,2.1,5.85,6.3,4.5,1.8,100,"⚠️ ERA alto — candidato a mejorar",54,"🟡 Moderado"
"2026","Conspiradores de Queretaro","Jio Orozco",663463,9,0,9,2,0,6,1.33,1.48333333333333,12,3,0,62.5,"↗ Ligeramente sobre promedio",18,"🟢 Bajo"
"2026","Conspiradores de Queretaro","Joel Cesar",666802,8.1,0,8,1,1,4.32,1.92,4.63148148148148,3.24,6.48,0,45,"✓ Estable",38.9,"🟢 Bajo"
"2026","Conspiradores de Queretaro","Isaac Jimenez",645799,7.1,0,10,0,1,6.14,2.18,5.12183098591549,2.45,7.36,0,64,"↗ Ligeramente sobre promedio",44.2,"🟢 Bajo"
"2025 (sin datos 2026)","Diablos Rojos del Mexico","Jose Bravo",670986,39.1,7,11,3,1,6.64,1.88,6.67941176470588,6.64,5.03,2.29,69.2,"↗ Ligeramente sobre promedio",64.5,"🟡 Moderado"
"2026","Diablos Rojos del Mexico","Ricardo Pinto",620982,34,7,7,1,2,6.09,1.53,3.70882352941176,6.88,3.97,0.53,63.4,"↗ Ligeramente sobre promedio",36.4,"🟢 Bajo"
"2025 (sin datos 2026)","Diablos Rojos del Mexico","Dan Straily",573185,32,7,8,1,2,9,1.91,6.025,6.75,3.38,2.25,93.8,"⚠️ ERA alto — candidato a mejorar",60.8,"🟡 Moderado"
"2026","Diablos Rojos del Mexico","James Kaprielian",621076,26,6,6,2,0,2.77,1.12,2.65,9.69,3.46,0.35,28.9,"↘ Ligeramente bajo promedio",34.5,"🟢 Bajo"
"2026","Diablos Rojos del Mexico","Justin Courtney",688896,26,6,6,1,1,5.54,1.77,4.84230769230769,8.65,4.85,1.38,57.7,"✓ Estable",58.3,"🟡 Moderado"
"2026","Diablos Rojos del Mexico","Luis F. Castillo",622379,21.2,5,5,2,1,4.15,1.48,3.33867924528302,7.06,1.66,0.83,43.2,"✓ Estable",31.6,"🟢 Bajo"
"2025 (sin datos 2026)","Diablos Rojos del Mexico","Brooks Hall",571736,19.2,5,5,2,1,6.86,1.63,5.18125,5.49,3.66,1.37,71.5,"↗ Ligeramente sobre promedio",54.6,"🟡 Moderado"
"2025 (sin datos 2026)","Diablos Rojos del Mexico","Kent Emanuel",592288,24.2,4,7,1,2,5.47,1.86,6.20785123966942,4.38,4.01,1.82,57,"✓ Estable",51.4,"🟡 Moderado"
"2026","Diablos Rojos del Mexico","Michael Mariot",592527,16.2,4,5,1,1,9.18,1.8,6.97716049382716,9.18,3.24,3.24,95.6,"⚠️ ERA alto — candidato a mejorar",78.6,"🔴 Alto — bullpen expuesto"
"2025 (sin datos 2026)","Diablos Rojos del Mexico","Tyler Beede",595881,13.1,3,3,1,2,7.43,1.8,5.51641221374046,2.03,5.4,0.67,77.4,"⚠️ ERA alto — candidato a mejorar",50.7,"🟡 Moderado"
"2026","Diablos Rojos del Mexico","Humberto Castellanos",528748,8,3,3,0,0,5.63,2.13,2.65,9,4.5,0,58.6,"✓ Estable",47.6,"🟢 Bajo"
"2025 (sin datos 2026)","Diablos Rojos del Mexico","Efrain Contreras",678713,32.1,1,17,3,0,3.06,1.24,3.77305295950156,9.46,3.34,1.11,31.9,"↘ Ligeramente bajo promedio",36.7,"🟢 Bajo"
"2026","Diablos Rojos del Mexico","Stephen Nogosek",668665,20,1,17,3,1,4.05,1.3,1.8,10.8,3.15,0,42.2,"✓ Estable",18.9,"🟢 Bajo"
"2025 (sin datos 2026)","Diablos Rojos del Mexico","Domingo Tapia",593619,19,0,21,2,0,8.05,1.95,4.88684210526316,8.05,8.53,0.47,83.9,"⚠️ ERA alto — candidato a mejorar",58.2,"🟡 Moderado"
"2026","Diablos Rojos del Mexico","Tomohiro Anraku",823701,18,0,17,3,0,2,0.83,1.87222222222222,10.5,1,0.5,20.8,"⚠️ ERA bajo — riesgo regresión",13.5,"🟢 Bajo"
"2026","Diablos Rojos del Mexico","Jimmy Yacabonis",642231,17.1,0,18,1,1,3.12,1.38,1.68801169590643,10.38,2.6,0,32.5,"↘ Ligeramente bajo promedio",15.6,"🟢 Bajo"
"2026","Diablos Rojos del Mexico","Nick Vespi",663989,15.1,0,17,2,1,3.52,1.11,1.75927152317881,13.5,2.35,0.59,36.7,"↘ Ligeramente bajo promedio",23,"🟢 Bajo"
"2026","Diablos Rojos del Mexico","Gerardo Reyes",622103,14.2,0,15,1,0,3.07,1.3,1.95281690140845,12.89,2.45,0.61,32,"↘ Ligeramente bajo promedio",23.9,"🟢 Bajo"
"2026","Diablos Rojos del Mexico","J.C. Mejía",650496,14.1,0,17,1,2,10.05,2.02,4.49751773049645,6.91,3.14,1.26,100,"⚠️ ERA alto — candidato a mejorar",37.7,"🟢 Bajo"
"2026","Diablos Rojos del Mexico","Victor González",624647,13,0,14,0,0,6.92,2,4.45769230769231,6.92,5.54,0.69,72.1,"↗ Ligeramente sobre promedio",43.6,"🟢 Bajo"
"2026","Diablos Rojos del Mexico","Oscar Rojas",676019,11.1,0,9,0,1,11.12,2.56,7.20405405405405,7.15,6.35,2.38,100,"⚠️ ERA alto — candidato a mejorar",73.8,"🔴 Alto — bullpen expuesto"
"2026","Diablos Rojos del Mexico","Juan Pablo Lopez",670940,9.2,0,7,0,0,9.31,1.76,6.08478260869565,6.52,4.66,1.86,97,"⚠️ ERA alto — candidato a mejorar",55.9,"🟡 Moderado"
"2026","Diablos Rojos del Mexico","Edwin Fierro",616623,7.1,0,8,0,1,7.36,1.77,6.53028169014085,8.59,4.91,2.45,76.7,"⚠️ ERA alto — candidato a mejorar",66.2,"🟡 Moderado"
"2026","Diablos Rojos del Mexico","Jorge Monroy",811812,7,0,5,1,0,9,1.86,6.00714285714286,7.71,2.57,2.57,93.8,"⚠️ ERA alto — candidato a mejorar",54,"🟡 Moderado"
"2026","Diablos Rojos del Mexico","Jordy Arias",802242,7,0,6,0,1,15.43,2.57,6.43571428571429,7.71,3.86,2.57,100,"⚠️ ERA alto — candidato a mejorar",61.7,"🟡 Moderado"
"2025 (sin datos 2026)","Dorados de Chihuahua","Darel Torres",665958,90,18,18,7,9,4.5,1.49,4.80555555555556,8.4,5.8,1.1,46.9,"✓ Estable",54.9,"🟡 Moderado"
"2025 (sin datos 2026)","Dorados de Chihuahua","Max Castillo",666721,63.1,16,17,3,7,9.24,2.07,7.12781299524564,5.97,5.4,2.42,96.2,"⚠️ ERA alto — candidato a mejorar",80,"🔴 Alto — bullpen expuesto"
"2025 (sin datos 2026)","Dorados de Chihuahua","Wily Peralta",503449,57.2,12,12,4,5,7.8,1.99,6.68146853146853,6.4,5.31,2.18,81.2,"⚠️ ERA alto — candidato a mejorar",69.9,"🟡 Moderado"
"2026","Dorados de Chihuahua","Devin Smeltzer",656970,37,7,7,1,3,6.32,1.62,4.01486486486487,7.78,1.46,1.46,65.8,"↗ Ligeramente sobre promedio",32.2,"🟢 Bajo"
"2026","Dorados de Chihuahua","Caleb Smith",592761,35.2,7,7,2,3,6.31,1.4,5.87727272727273,6.31,3.53,2.02,65.7,"↗ Ligeramente sobre promedio",54.9,"🟡 Moderado"
"2026","Dorados de Chihuahua","Emilio Vargas",642496,32.2,7,7,0,2,6.06,1.47,4.88913043478261,7.99,3.31,1.65,63.1,"↗ Ligeramente sobre promedio",51.2,"🟡 Moderado"
"2025 (sin datos 2026)","Dorados de Chihuahua","Javier Solano",542279,28.1,6,6,1,3,5.72,1.2,4.85818505338078,5.08,1.59,1.59,59.6,"✓ Estable",39.3,"🟢 Bajo"
"2026","Dorados de Chihuahua","Drew Parrish",669283,19.1,5,5,2,3,8.84,1.97,7.07670157068063,6.98,4.19,2.79,92.1,"⚠️ ERA alto — candidato a mejorar",79.2,"🔴 Alto — bullpen expuesto"
"2026","Dorados de Chihuahua","Nick Struck",572177,17,4,6,1,1,7.41,2.29,5.85588235294118,6.88,5.82,1.59,77.2,"⚠️ ERA alto — candidato a mejorar",67.9,"🟡 Moderado"
"2025 (sin datos 2026)","Dorados de Chihuahua","Sergio Rodriguez",832574,15,3,9,0,1,10.2,2.2,8.01666666666667,3.6,6.6,2.4,100,"⚠️ ERA alto — candidato a mejorar",79.2,"🔴 Alto — bullpen expuesto"
"2025 (sin datos 2026)","Dorados de Chihuahua","Benjamin Kowalski",834996,23.2,2,15,0,0,7.23,1.94,7.37413793103448,3.42,6.46,1.9,75.3,"⚠️ ERA alto — candidato a mejorar",67.3,"🟡 Moderado"
"2025 (sin datos 2026)","Dorados de Chihuahua","Abdiel Saldana",650605,28.2,1,28,1,1,3.14,1.36,5.20673758865248,5.65,4.4,1.26,32.7,"↘ Ligeramente bajo promedio",45.3,"🟢 Bajo"
"2025 (sin datos 2026)","Dorados de Chihuahua","Sebastian Rodriguez",815458,23,1,16,1,3,7.04,2.17,5.10652173913043,8.22,6.26,1.17,73.3,"↗ Ligeramente sobre promedio",55.1,"🟡 Moderado"
"2026","Dorados de Chihuahua","Gabriel Ponce",676362,19.2,1,15,0,1,1.83,1.37,2.47291666666667,10.53,5.03,0,19.1,"⚠️ ERA bajo — riesgo regresión",30.2,"🟢 Bajo"
"2026","Dorados de Chihuahua","Daniel De La Fuente",675880,13,1,11,0,1,6.23,2,6.76538461538462,5.54,5.54,2.08,64.9,"↗ Ligeramente sobre promedio",64.4,"🟡 Moderado"
"2026","Dorados de Chihuahua","Gabriel Ynoa",593679,11.1,1,8,0,3,12.71,2.47,8.73558558558559,7.15,3.97,3.97,100,"⚠️ ERA alto — candidato a mejorar",83.4,"🔴 Alto — bullpen expuesto"
"2025 (sin datos 2026)","Dorados de Chihuahua","Christian Torres",670369,52.1,0,33,7,1,4.47,1.61,4.32082533589251,5.85,2.92,1.03,46.6,"✓ Estable",33,"🟢 Bajo"
"2025 (sin datos 2026)","Dorados de Chihuahua","Eli Villalobos",681871,39.2,0,43,1,1,3.4,1.36,4.19591836734694,7.71,4.31,0.91,35.4,"↘ Ligeramente bajo promedio",39.5,"🟢 Bajo"
"2025 (sin datos 2026)","Dorados de Chihuahua","Todd Peterson",668720,20.1,0,20,2,2,5.75,1.62,4.29427860696517,6.64,3.98,0.89,59.9,"✓ Estable",37.2,"🟢 Bajo"
"2026","Dorados de Chihuahua","Braden Webb",657096,15.1,0,15,1,1,3.52,1.24,5.66655629139073,6.46,4.11,1.76,36.7,"↘ Ligeramente bajo promedio",51.1,"🟡 Moderado"
"2026","Dorados de Chihuahua","Leonardo Taveras",672405,12.2,0,15,1,2,8.53,1.97,4.37950819672131,9.95,7.11,0.71,88.9,"⚠️ ERA alto — candidato a mejorar",53.3,"🟡 Moderado"
"2025 (sin datos 2026)","Dorados de Chihuahua","Yanlun Zhang",802949,12,0,14,1,0,5.25,2,5.48333333333333,6.75,8.25,0.75,54.7,"✓ Estable",60.8,"🟡 Moderado"
"2026","Dorados de Chihuahua","Samuel Alvarado",667638,11,0,13,0,0,4.09,1.45,3.78636363636364,4.91,1.64,0.82,42.6,"✓ Estable",22.1,"🟢 Bajo"
"2026","Dorados de Chihuahua","Ralph Garza Jr.",621248,11,0,12,0,1,4.91,1.73,3.87727272727273,8.18,4.09,0.82,51.1,"✓ Estable",36.8,"🟢 Bajo"
"2025 (sin datos 2026)","Dorados de Chihuahua","Antonio Garzon",511648,11,0,15,1,0,6.55,2.09,3.42272727272727,4.91,4.09,0,68.2,"↗ Ligeramente sobre promedio",24.5,"🟢 Bajo"
"2026","Dorados de Chihuahua","Demetrio Gutierrez",540988,10.2,0,15,0,1,2.53,1.13,3.44411764705882,6.75,1.69,0.84,26.4,"↘ Ligeramente bajo promedio",22.7,"🟢 Bajo"
"2026","Dorados de Chihuahua","Raul Barron",502515,7.2,0,10,0,0,5.87,1.3,5.37222222222222,9.39,2.35,2.35,61.1,"↗ Ligeramente sobre promedio",49.4,"🟢 Bajo"
"2026","Dorados de Chihuahua","J.P. Woodward",694756,7.1,0,10,0,0,8.59,2.45,4.84014084507042,7.36,9.82,0,89.5,"⚠️ ERA alto — candidato a mejorar",58.9,"🟡 Moderado"
"2025 (sin datos 2026)","Dorados de Chihuahua","Jesus Valles",679973,6.1,0,6,0,0,4.26,1.42,7.0844262295082,5.68,2.84,2.84,44.4,"✓ Estable",59.6,"🟡 Moderado"
"2026","Dorados de Chihuahua","Josue Gomez",840579,5,0,4,0,0,1.8,0.2,4.55,5.4,0,1.8,18.8,"⚠️ ERA bajo — riesgo regresión",27,"🟢 Bajo"
"2025 (sin datos 2026)","Dorados de Chihuahua","Sterling Sharp",643532,5,0,3,0,0,7.2,2.6,3.35,7.2,5.4,0,75,"⚠️ ERA alto — candidato a mejorar",32.4,"🟢 Bajo"
"2025 (sin datos 2026)","El Aguila de Veracruz","Dereck Rodríguez",605446,75.2,13,20,3,3,7.73,1.7,4.4531914893617,5.23,2.74,1.07,80.5,"⚠️ ERA alto — candidato a mejorar",32.5,"🟢 Bajo"
"2025 (sin datos 2026)","El Aguila de Veracruz","Andy Otero",554241,50.1,13,18,1,7,8.58,2.05,7.52125748502994,6.26,4.83,2.86,89.4,"⚠️ ERA alto — candidato a mejorar",83.9,"🔴 Alto — bullpen expuesto"
"2025 (sin datos 2026)","El Aguila de Veracruz","Orlando Lara",455359,54,12,15,3,1,4.17,1.41,4.40925925925926,7.67,3.83,1.17,43.4,"✓ Estable",47.8,"🟢 Bajo"
"2026","El Aguila de Veracruz","Dinelson Lamet",659275,36.1,7,7,1,3,5.2,1.54,4.83975069252078,7.93,4.95,1.24,54.2,"✓ Estable",50.8,"🟡 Moderado"
"2026","El Aguila de Veracruz","Jonathan Bermúdez",642834,32,7,7,2,2,7.03,1.69,4.36875,8.16,4.22,1.13,73.2,"↗ Ligeramente sobre promedio",49,"🟢 Bajo"
"2025 (sin datos 2026)","El Aguila de Veracruz","Connor Curlis",682029,25.1,7,7,1,3,6.39,1.58,7.29342629482072,6.75,6.04,2.49,66.6,"↗ Ligeramente sobre promedio",87.5,"🔴 Alto — bullpen expuesto"
"2026","El Aguila de Veracruz","Braulio Torres-Perez",679001,23,6,6,1,0,5.48,1.78,4.97608695652174,6.65,3.13,1.57,57.1,"✓ Estable",54.5,"🟡 Moderado"
"2026","El Aguila de Veracruz","Cristopher Molina",650654,27.1,4,8,2,2,3.95,1.28,2.44889298892989,10.21,3.29,0.33,41.1,"✓ Estable",24.7,"🟢 Bajo"
"2025 (sin datos 2026)","El Aguila de Veracruz","Sammy Peralta",671111,21.1,4,4,2,1,2.53,1.03,1.96516587677725,9.28,0.84,0.42,26.4,"↘ Ligeramente bajo promedio",13,"🟢 Bajo"
"2026","El Aguila de Veracruz","Yorvin Pantoja",660671,17.2,4,6,0,1,4.08,1.58,5.65,10.19,3.06,2.55,42.5,"✓ Estable",65.3,"🟡 Moderado"
"2025 (sin datos 2026)","El Aguila de Veracruz","Henry Henry",665963,25.2,3,18,0,1,10.87,2.18,7.59444444444444,4.91,8.77,1.75,100,"⚠️ ERA alto — candidato a mejorar",78.9,"🔴 Alto — bullpen expuesto"
"2026","El Aguila de Veracruz","Jack Weisenburger",674073,9.1,2,2,1,1,5.79,0.86,2.60054945054945,11.57,1.93,0.96,60.3,"↗ Ligeramente sobre promedio",32.9,"🟢 Bajo"
"2026","El Aguila de Veracruz","Leonel Becerra",840569,6.1,2,3,0,0,7.11,2.37,7.41229508196721,9.95,12.79,1.42,74.1,"↗ Ligeramente sobre promedio",100,"🔴 Alto — bullpen expuesto"
"2025 (sin datos 2026)","El Aguila de Veracruz","Vidal Nuño",573064,34.1,0,39,3,2,3.67,1.51,4.14706744868035,7.86,3.67,1.05,38.2,"↘ Ligeramente bajo promedio",37.8,"🟢 Bajo"
"2025 (sin datos 2026)","El Aguila de Veracruz","Fabian Anguamea",642856,32.1,0,34,2,1,3.9,1.27,3.52383177570093,7.52,2.51,0.84,40.6,"✓ Estable",27.7,"🟢 Bajo"
"2025 (sin datos 2026)","El Aguila de Veracruz","Ryan Meisinger",664682,29.2,0,28,0,1,6.67,1.52,4.93082191780822,7.89,3.94,1.52,69.5,"↗ Ligeramente sobre promedio",46.4,"🟢 Bajo"
"2025 (sin datos 2026)","El Aguila de Veracruz","Carlos Belen",627893,22,0,24,2,2,7.77,1.82,7.01363636363636,7.36,4.09,2.86,80.9,"⚠️ ERA alto — candidato a mejorar",67.4,"🟡 Moderado"
"2025 (sin datos 2026)","El Aguila de Veracruz","Robinson Hernandez",681619,20.2,0,23,3,3,9.58,1.69,6.91237623762376,6.97,4.35,2.61,99.8,"⚠️ ERA alto — candidato a mejorar",65.2,"🟡 Moderado"
"2026","El Aguila de Veracruz","Gerardo Gutierrez",677916,18.1,0,19,1,2,3.44,1.47,3.8682320441989,9.82,4.42,0.98,35.8,"↘ Ligeramente bajo promedio",41.2,"🟢 Bajo"
"2026","El Aguila de Veracruz","Jhan Mariñez",501697,18.1,0,17,1,1,3.93,1.25,3.81298342541436,10.31,2.45,1.47,40.9,"✓ Estable",36.8,"🟢 Bajo"
"2025 (sin datos 2026)","El Aguila de Veracruz","Hector Galvan",641241,17.1,0,10,1,1,6.75,1.79,4.20263157894737,5.71,4.67,0.52,70.3,"↗ Ligeramente sobre promedio",35.8,"🟢 Bajo"
"2026","El Aguila de Veracruz","Jonathan Aro",608167,17,0,17,2,0,0.53,0.53,1.38529411764706,9.53,1.06,0,5.5,"⚠️ ERA bajo — riesgo regresión",6.4,"🟢 Bajo"
"2026","El Aguila de Veracruz","Bryce Bonnin",675655,16,0,10,1,0,2.25,0.94,4.2125,6.75,2.81,1.13,23.4,"⚠️ ERA bajo — riesgo regresión",33.8,"🟢 Bajo"
"2025 (sin datos 2026)","El Aguila de Veracruz","Olbis Parra",642620,15.1,0,20,2,2,11.15,2.28,7.25596026490066,7.04,4.11,2.93,100,"⚠️ ERA alto — candidato a mejorar",68.6,"🟡 Moderado"
"2026","El Aguila de Veracruz","Norman Elenes",553868,11.2,0,10,1,1,3.86,2.14,6.09642857142857,7.71,6.94,1.54,40.2,"✓ Estable",64.7,"🟡 Moderado"
"2026","El Aguila de Veracruz","Mario Jimenez",671760,10,0,13,0,2,8.1,1.9,5.15,3.6,4.5,0.9,84.4,"⚠️ ERA alto — candidato a mejorar",40.5,"🟢 Bajo"
"2026","El Aguila de Veracruz","Jeff Ibarra",572943,9.1,0,14,0,0,12.54,2.36,8.09505494505495,8.68,7.71,2.89,100,"⚠️ ERA alto — candidato a mejorar",89.6,"🔴 Alto — bullpen expuesto"
"2025 (sin datos 2026)","El Aguila de Veracruz","Jose Frutos",680024,8.2,0,5,0,0,7.27,1.5,6.19878048780488,5.19,3.12,2.08,75.7,"⚠️ ERA alto — candidato a mejorar",49.9,"🟢 Bajo"
"2026","El Aguila de Veracruz","Ike Buxton",702034,7.2,0,8,0,0,1.17,0.78,4.4,9.39,4.7,1.17,12.2,"⚠️ ERA bajo — riesgo regresión",45.8,"🟢 Bajo"
"2026","El Aguila de Veracruz","Luis Marquez",700587,7.1,0,11,2,0,6.14,1.64,4.27676056338028,8.59,3.68,1.23,64,"↗ Ligeramente sobre promedio",40.5,"🟢 Bajo"
"2026","El Aguila de Veracruz","Omar Sainz",692750,7.1,0,7,0,0,7.36,2.18,6.81197183098592,7.36,4.91,2.45,76.7,"⚠️ ERA alto — candidato a mejorar",66.2,"🟡 Moderado"
"2025 (sin datos 2026)","El Aguila de Veracruz","Aldry Acosta",672755,6.1,0,8,0,0,8.53,1.58,3.15,4.26,2.84,0,88.9,"⚠️ ERA alto — candidato a mejorar",17,"🟢 Bajo"
"2026","El Aguila de Veracruz","Nick Gardewine",643320,6,0,8,0,1,19.5,3,5.48333333333333,10.5,7.5,1.5,100,"⚠️ ERA alto — candidato a mejorar",67.5,"🟡 Moderado"
"2025 (sin datos 2026)","Guerreros de Oaxaca","Jake Faria",607188,52.1,13,13,3,4,6.88,2.01,5.8179462571977,9.29,6.71,1.72,71.7,"↗ Ligeramente sobre promedio",76.9,"🔴 Alto — bullpen expuesto"
"2025 (sin datos 2026)","Guerreros de Oaxaca","Solomon Bates",663603,41.2,9,11,2,2,6.05,1.75,6.01407766990291,4.75,3.24,1.94,63,"↗ Ligeramente sobre promedio",55.2,"🟡 Moderado"
"2025 (sin datos 2026)","Guerreros de Oaxaca","Kyle Barraclough",607457,37,8,8,3,3,4.86,1.59,3.58243243243243,9,4.14,0.73,50.6,"✓ Estable",42.2,"🟢 Bajo"
"2025 (sin datos 2026)","Guerreros de Oaxaca","Sal Romano",607219,31.1,8,8,1,4,6.89,1.91,5.91527331189711,4.02,3.45,1.72,71.8,"↗ Ligeramente sobre promedio",58.2,"🟡 Moderado"
"2026","Guerreros de Oaxaca","Luis Miranda",642532,29.1,6,6,3,0,5.52,1.6,3.97474226804124,7.36,3.38,0.92,57.5,"✓ Estable",38.8,"🟢 Bajo"
"2026","Guerreros de Oaxaca","Radhames Liz",467785,26.2,6,6,3,2,5.4,1.5,4.71488549618321,8.44,4.39,1.35,56.3,"✓ Estable",54.8,"🟡 Moderado"
"2026","Guerreros de Oaxaca","Matt Givin",676769,25.2,5,5,4,0,4.21,1.17,3.94365079365079,7.01,2.45,1.05,43.9,"✓ Estable",33.8,"🟢 Bajo"
"2026","Guerreros de Oaxaca","Tommy Romero",676720,21,5,5,1,1,6,1.95,6.19761904761905,5.14,5.14,1.71,62.5,"↗ Ligeramente sobre promedio",65.9,"🟡 Moderado"
"2026","Guerreros de Oaxaca","Robert Dugger",667498,17,4,5,2,0,10.59,2.06,5.91470588235294,9.53,3.18,2.65,100,"⚠️ ERA alto — candidato a mejorar",67.9,"🟡 Moderado"
"2026","Guerreros de Oaxaca","Alemao Hernandez",672598,21,3,10,1,1,9,2.05,4.91190476190476,4.29,2.57,1.29,93.8,"⚠️ ERA alto — candidato a mejorar",34.8,"🟢 Bajo"
"2026","Guerreros de Oaxaca","Raymond Burgos",670103,12,3,3,0,0,5.25,1.17,3.4,6,1.5,0.75,54.7,"✓ Estable",31.2,"🟢 Bajo"
"2025 (sin datos 2026)","Guerreros de Oaxaca","Blake Whitney",681407,46.2,0,42,2,3,3.47,1.5,4.10238095238095,10.41,5.59,0.96,36.1,"↘ Ligeramente bajo promedio",47.9,"🟢 Bajo"
"2025 (sin datos 2026)","Guerreros de Oaxaca","Enmanuel Mejia",684871,32.1,0,36,0,1,5.01,1.82,4.67647975077882,7.52,4.73,1.11,52.2,"✓ Estable",45,"🟢 Bajo"
"2025 (sin datos 2026)","Guerreros de Oaxaca","Reza Aleaziz",641300,29.2,0,35,1,0,4.25,1.55,5.5472602739726,8.49,4.85,1.82,44.3,"✓ Estable",56.4,"🟡 Moderado"
"2026","Guerreros de Oaxaca","Joey Krehbiel",607216,21.1,0,22,2,2,6.33,1.92,5.75663507109005,5.06,3.8,1.69,65.9,"↗ Ligeramente sobre promedio",48.1,"🟢 Bajo"
"2026","Guerreros de Oaxaca","Cristian Alvarado",622459,17,0,18,1,1,2.65,0.88,2.32647058823529,13.76,2.12,1.06,27.6,"↘ Ligeramente bajo promedio",28.6,"🟢 Bajo"
"2026","Guerreros de Oaxaca","Edwar Colina",666674,15.1,0,17,0,0,3.52,1.24,3.41490066225166,7.04,2.93,0.59,36.7,"↘ Ligeramente bajo promedio",26.4,"🟢 Bajo"
"2026","Guerreros de Oaxaca","Eduardo Mares",700315,15.1,0,18,1,0,4.7,1.17,3.81225165562914,6.46,1.17,1.17,49,"✓ Estable",24.6,"🟢 Bajo"
"2026","Guerreros de Oaxaca","Angel Hernandez",805097,12,0,7,1,0,6,2.08,6.81666666666667,6,5.25,2.25,62.5,"↗ Ligeramente sobre promedio",65.2,"🟡 Moderado"
"2026","Guerreros de Oaxaca","Victor Morales",802559,10.2,0,13,1,0,6.75,2.16,7.65980392156863,5.91,5.91,2.53,70.3,"↗ Ligeramente sobre promedio",73.4,"🔴 Alto — bullpen expuesto"
"2026","Guerreros de Oaxaca","Ulises Joaquin",600914,10.1,0,11,0,0,0,1.16,2.25891089108911,5.23,0.87,0,0,"⚠️ ERA bajo — riesgo regresión",5.2,"🟢 Bajo"
"2026","Guerreros de Oaxaca","Taylor Lehman",656647,10.1,0,9,0,1,1.74,0.87,3.64504950495049,8.71,3.48,0.87,18.1,"⚠️ ERA bajo — riesgo regresión",33.9,"🟢 Bajo"
"2026","Guerreros de Oaxaca","Reid Birlingmair",679304,5.2,0,7,2,0,4.76,1.24,5.65,1.59,7.94,0,49.6,"✓ Estable",47.6,"🟢 Bajo"
"2026","Guerreros de Oaxaca","Oscar Valenzuela",680660,5,0,5,0,2,9,2.8,10.15,5.4,9,3.6,93.8,"⚠️ ERA alto — candidato a mejorar",100,"🔴 Alto — bullpen expuesto"
"2025 (sin datos 2026)","Leones de Yucatan","Logan Ondrusek",446185,41.1,9,9,1,3,7.62,1.84,5.75340632603406,6.75,2.83,2.18,79.4,"⚠️ ERA alto — candidato a mejorar",56.5,"🟡 Moderado"
"2026","Leones de Yucatan","Yoanner Negrin",594582,32.1,7,7,3,2,4.45,1.14,4.14688473520249,6.12,2.23,1.11,46.4,"✓ Estable",36.7,"🟢 Bajo"
"2026","Leones de Yucatan","Ronnie Williams",657122,29.1,7,7,1,2,3.38,1.3,3.11563573883162,6.75,3.07,0.31,35.2,"↘ Ligeramente bajo promedio",32.8,"🟢 Bajo"
"2026","Leones de Yucatan","César Valdez",491624,28.2,7,7,0,5,6.59,1.71,4.03652482269504,8.16,1.26,1.57,68.6,"↗ Ligeramente sobre promedio",41.8,"🟢 Bajo"
"2026","Leones de Yucatan","Brandon Brennan",592165,25.1,6,6,1,3,4.97,1.34,3.1898406374502,6.75,4.62,0,51.8,"✓ Estable",37.3,"🟢 Bajo"
"2025 (sin datos 2026)","Leones de Yucatan","Jose Gabriel Torres",829258,31,5,12,0,0,3.48,1.45,3.3758064516129,5.23,2.9,0.29,36.2,"↘ Ligeramente bajo promedio",21.8,"🟢 Bajo"
"2025 (sin datos 2026)","Leones de Yucatan","Raúl Alcántara",593417,21.1,5,5,0,1,7.17,1.55,3.67132701421801,5.48,3.38,0.42,74.7,"↗ Ligeramente sobre promedio",35.9,"🟢 Bajo"
"2025 (sin datos 2026)","Leones de Yucatan","Jimmy Endersby",684544,23,4,7,2,1,4.7,1.57,3.84565217391304,7.83,3.91,0.78,49,"✓ Estable",35.2,"🟢 Bajo"
"2025 (sin datos 2026)","Leones de Yucatan","Aaron Fletcher",667465,21,4,13,0,3,10.29,2.43,5.34047619047619,5.57,4.71,1.29,100,"⚠️ ERA alto — candidato a mejorar",49.4,"🟢 Bajo"
"2026","Leones de Yucatan","Jared Wetherbee",695244,12.2,3,3,1,0,4.97,1.5,2.65819672131148,6.39,2.84,0,51.8,"✓ Estable",27.5,"🟢 Bajo"
"2026","Leones de Yucatan","Duane Underwood Jr.",621249,6.2,2,3,0,0,6.75,2.25,4.9241935483871,2.7,6.75,0,70.3,"↗ Ligeramente sobre promedio",58,"🟡 Moderado"
"2025 (sin datos 2026)","Leones de Yucatan","Jonatan Bernal",685763,5,1,3,0,0,3.6,1.8,2.15,7.2,1.8,0,37.5,"↘ Ligeramente bajo promedio",14.4,"🟢 Bajo"
"2025 (sin datos 2026)","Leones de Yucatan","Hector Perez",832572,35.2,0,38,3,2,6.06,1.63,4.37159090909091,8.58,6.06,0.76,63.1,"↗ Ligeramente sobre promedio",47.8,"🟢 Bajo"
"2025 (sin datos 2026)","Leones de Yucatan","Hazahel Quijada",663453,31,0,28,0,0,4.35,1.55,3.95645161290323,8.71,6.97,0.29,45.3,"✓ Estable",46.2,"🟢 Bajo"
"2025 (sin datos 2026)","Leones de Yucatan","Joe Corbett",663782,21.1,0,23,2,1,4.64,1.31,4.42962085308057,9.7,2.95,1.69,48.3,"✓ Estable",43,"🟢 Bajo"
"2026","Leones de Yucatan","Ricardo Rodríguez",600965,19.2,0,20,0,1,1.37,1.12,2.525,10.07,0.92,0.92,14.3,"⚠️ ERA bajo — riesgo regresión",19.3,"🟢 Bajo"
"2025 (sin datos 2026)","Leones de Yucatan","Tanner Kiest",641750,18.2,0,23,0,0,4.82,1.71,3.58956043956044,13.5,8.2,0.48,50.2,"✓ Estable",56.4,"🟡 Moderado"
"2026","Leones de Yucatan","Colten Brewer",605155,17,0,15,1,0,1.06,1.24,3.56176470588235,4.76,2.12,0.53,11,"⚠️ ERA bajo — riesgo regresión",20.7,"🟢 Bajo"
"2026","Leones de Yucatan","Derek West",663723,16,0,14,1,0,4.5,1.69,2.4625,9,3.94,0,46.9,"✓ Estable",23.6,"🟢 Bajo"
"2026","Leones de Yucatan","Jose Alvarez",501625,15.1,0,16,0,2,2.35,1.17,4.40827814569536,4.7,1.76,1.17,24.5,"⚠️ ERA bajo — riesgo regresión",28.1,"🟢 Bajo"
"2026","Leones de Yucatan","Edwin Escobar",546276,15,0,20,2,2,3.6,1.47,4.28333333333333,7.2,3,1.2,37.5,"↘ Ligeramente bajo promedio",36,"🟢 Bajo"
"2026","Leones de Yucatan","Miguel Castro",612434,13.1,0,14,1,2,4.73,1.58,2.61564885496183,10.8,2.7,0.67,49.3,"✓ Estable",26.3,"🟢 Bajo"
"2026","Leones de Yucatan","Dalton Rodriguez",631229,11,0,10,0,0,1.64,1.73,3.51363636363636,5.73,4.91,0,17.1,"⚠️ ERA bajo — riesgo regresión",29.5,"🟢 Bajo"
"2026","Leones de Yucatan","Jake Sanchez",644425,10.2,0,14,1,0,0.84,0.75,1.38529411764706,10.13,1.69,0,8.8,"⚠️ ERA bajo — riesgo regresión",10.1,"🟢 Bajo"
"2026","Leones de Yucatan","Irving Vazquez",802744,10.1,0,5,0,0,6.1,1.84,5.32821782178218,6.97,3.48,1.74,63.5,"↗ Ligeramente sobre promedio",47,"🟢 Bajo"
"2026","Leones de Yucatan","Pedro Garcia",690345,10.1,0,12,0,1,7.84,1.94,7.60544554455446,9.58,4.35,3.48,81.7,"⚠️ ERA alto — candidato a mejorar",78.3,"🔴 Alto — bullpen expuesto"
"2025 (sin datos 2026)","Leones de Yucatan","Yapson Gomez",642857,10,0,10,1,1,8.1,1.8,5.25,1.8,3.6,0.9,84.4,"⚠️ ERA alto — candidato a mejorar",35.1,"🟢 Bajo"
"2025 (sin datos 2026)","Leones de Yucatan","Jose Luna",682779,9,0,11,0,0,4,1.33,6.48333333333333,5,9,1,41.7,"✓ Estable",69,"🟡 Moderado"
"2025 (sin datos 2026)","Leones de Yucatan","Jake Miednik",681533,9,0,9,0,1,4,1.78,4.03888888888889,8,8,0,41.7,"✓ Estable",48,"🟢 Bajo"
"2025 (sin datos 2026)","Leones de Yucatan","Adrian Hernandez",681753,9,0,8,0,0,5,1.67,4.37222222222222,10,6,1,52.1,"✓ Estable",51,"🟡 Moderado"
"2026","Leones de Yucatan","Anthony Gose",543238,7.2,0,6,0,0,0,0.26,-1.01666666666667,17.61,0,0,0,"⚠️ ERA bajo — riesgo regresión",0,"🟢 Bajo"
"2025 (sin datos 2026)","Leones de Yucatan","Ryan Sherriff",595411,5,0,6,0,1,3.6,1.8,4.55,7.2,9,0,37.5,"↘ Ligeramente bajo promedio",54,"🟡 Moderado"
"2025 (sin datos 2026)","Olmecas de Tabasco","Jeff Kinley",641754,54,11,23,2,3,7.5,1.74,6.15,5,5.83,1.5,78.1,"⚠️ ERA alto — candidato a mejorar",61.8,"🟡 Moderado"
"2025 (sin datos 2026)","Olmecas de Tabasco","Joe Van Meter",595018,52,11,11,3,5,6.06,1.5,3.57307692307692,7.27,3.12,0.69,63.1,"↗ Ligeramente sobre promedio",34.7,"🟢 Bajo"
"2026","Olmecas de Tabasco","Tyler Danish",641501,38,7,7,2,0,4.97,1.53,3.33421052631579,6.63,1.89,0.71,51.8,"✓ Estable",22.5,"🟢 Bajo"
"2026","Olmecas de Tabasco","Evan Grills",592361,31,6,6,2,1,5.52,1.45,3.31129032258064,7.55,1.74,0.87,57.5,"✓ Estable",25.9,"🟢 Bajo"
"2026","Olmecas de Tabasco","Jeremy Rhoades",656889,29,6,6,3,1,3.41,1.14,3.32241379310345,6.83,3.72,0.31,35.5,"↘ Ligeramente bajo promedio",31.8,"🟢 Bajo"
"2025 (sin datos 2026)","Olmecas de Tabasco","Ian Kahaloa",663447,20,4,5,2,1,3.15,1.05,3.35,6.75,3.15,0.45,32.8,"↘ Ligeramente bajo promedio",29.3,"🟢 Bajo"
"2026","Olmecas de Tabasco","Austin Warner",677369,19,4,4,3,0,3.79,1.21,3.67631578947368,6.63,1.89,0.95,39.5,"↘ Ligeramente bajo promedio",31,"🟢 Bajo"
"2026","Olmecas de Tabasco","Luis Cessa",570666,13.1,4,5,0,1,9.45,2.25,5.51641221374046,5.4,4.73,1.35,98.4,"⚠️ ERA alto — candidato a mejorar",64.8,"🟡 Moderado"
"2025 (sin datos 2026)","Olmecas de Tabasco","Grant Gambrell",669183,10.1,4,4,0,3,15.68,3,8.10049504950495,8.71,5.23,3.48,100,"⚠️ ERA alto — candidato a mejorar",100,"🔴 Alto — bullpen expuesto"
"2026","Olmecas de Tabasco","Yoennis Yera",661265,14.1,3,6,0,0,4.4,1.88,5.77411347517731,9.42,3.14,2.51,45.8,"✓ Estable",62.3,"🟡 Moderado"
"2026","Olmecas de Tabasco","Raul Carrillo",585132,18,2,8,2,2,5.5,1.61,4.70555555555556,6.5,2.5,1.5,57.3,"✓ Estable",37.5,"🟢 Bajo"
"2025 (sin datos 2026)","Olmecas de Tabasco","Norwith Gudiño",660508,42.2,0,44,3,3,4.01,1.36,2.84194312796209,12.45,4.64,0.63,41.8,"✓ Estable",37.3,"🟢 Bajo"
"2025 (sin datos 2026)","Olmecas de Tabasco","José Manuel Fernández",622774,30.2,0,35,2,5,6.16,1.43,6.29569536423841,7.92,4.4,2.35,64.2,"↗ Ligeramente sobre promedio",61.7,"🟡 Moderado"
"2026","Olmecas de Tabasco","Jose Samayoa",643518,18,0,10,0,0,3.5,1.33,4.70555555555556,5.5,4,1,36.5,"↘ Ligeramente bajo promedio",39,"🟢 Bajo"
"2026","Olmecas de Tabasco","Jimmy Cordero",622772,16.2,0,15,1,1,2.16,0.72,0.989506172839506,10.26,0.54,0,22.5,"⚠️ ERA bajo — riesgo regresión",3.2,"🟢 Bajo"
"2026","Olmecas de Tabasco","Alexandro Tovalin",700071,16.1,0,19,1,0,1.65,1.04,2.15621118012422,7.71,2.2,0,17.2,"⚠️ ERA bajo — riesgo regresión",13.2,"🟢 Bajo"
"2026","Olmecas de Tabasco","Nolan Blackwood",670154,15.2,0,19,2,1,2.3,1.09,1.83421052631579,9.19,2.3,0,24,"⚠️ ERA bajo — riesgo regresión",13.8,"🟢 Bajo"
"2025 (sin datos 2026)","Olmecas de Tabasco","Kevin Ribon",691714,15.2,0,14,0,1,2.87,1.4,3.93947368421053,6.32,4.02,0.57,29.9,"↘ Ligeramente bajo promedio",32.7,"🟢 Bajo"
"2025 (sin datos 2026)","Olmecas de Tabasco","Keury Mella",622492,15.1,0,19,0,4,8.8,1.63,4.20960264900662,7.04,5.28,0.59,91.7,"⚠️ ERA alto — candidato a mejorar",40.5,"🟢 Bajo"
"2026","Olmecas de Tabasco","Oddy Nunez",664573,11.1,0,15,0,0,3.18,1.32,3.96081081081081,3.97,1.59,0.79,33.1,"↘ Ligeramente bajo promedio",21.4,"🟢 Bajo"
"2026","Olmecas de Tabasco","Chavez Fernander",681501,10.1,0,12,2,1,6.1,1.65,1.86287128712871,12.19,4.35,0,63.5,"↗ Ligeramente sobre promedio",26.1,"🟢 Bajo"
"2026","Olmecas de Tabasco","Keone Kela",605309,8.1,0,9,1,2,5.4,1.68,3.64382716049383,7.56,6.48,0,56.3,"✓ Estable",38.9,"🟢 Bajo"
"2026","Olmecas de Tabasco","Carlos Vazquez",570664,8,0,10,0,0,2.25,1.25,1.775,14.63,5.63,0,23.4,"⚠️ ERA bajo — riesgo regresión",33.8,"🟢 Bajo"
"2025 (sin datos 2026)","Olmecas de Tabasco","Luis Ledo",644396,7.2,0,9,0,0,5.87,1.57,4.4,9.39,4.7,1.17,61.1,"↗ Ligeramente sobre promedio",45.8,"🟢 Bajo"
"2025 (sin datos 2026)","Olmecas de Tabasco","Bubby Rossman",657745,7.1,0,9,0,0,8.59,2.18,7.51619718309859,11.05,14.73,1.23,89.5,"⚠️ ERA alto — candidato a mejorar",100,"🔴 Alto — bullpen expuesto"
"2026","Olmecas de Tabasco","Juan Macias",667910,6.2,0,4,0,1,5.4,0.9,5.40806451612903,1.35,1.35,1.35,56.3,"✓ Estable",28.4,"🟢 Bajo"
"2026","Olmecas de Tabasco","Fernando Salas",477569,6,0,7,0,1,9,1.83,4.15,7.5,1.5,1.5,93.8,"⚠️ ERA alto — candidato a mejorar",31.5,"🟢 Bajo"
"2025 (sin datos 2026)","Olmecas de Tabasco","Alan Valdez",815052,5.2,0,5,0,0,4.76,1.76,3.34230769230769,6.35,4.76,0,49.6,"✓ Estable",28.6,"🟢 Bajo"
"2025 (sin datos 2026)","Pericos de Puebla","Angel Sánchez",605795,66.1,14,14,8,4,4.88,1.43,3.27102874432678,6.92,2.04,0.68,50.8,"✓ Estable",28.1,"🟢 Bajo"
"2025 (sin datos 2026)","Pericos de Puebla","Victor Vargas",678660,48.1,9,20,1,4,6.7,1.74,4.37661122661123,7.26,4.47,0.93,69.8,"↗ Ligeramente sobre promedio",41.9,"🟢 Bajo"
"2025 (sin datos 2026)","Pericos de Puebla","Luis De Avila",678752,30,8,8,0,3,6.3,1.8,4.65,6.3,4.8,0.9,65.6,"↗ Ligeramente sobre promedio",55,"🟡 Moderado"
"2026","Pericos de Puebla","Antonio Santos",665733,36,7,7,3,1,3.5,1.11,3.37222222222222,8,2.75,0.75,36.5,"↘ Ligeramente bajo promedio",30.3,"🟢 Bajo"
"2026","Pericos de Puebla","Vladimir Gutierrez",661269,33,6,6,1,3,3.27,1.12,2.30151515151515,9,1.09,0.55,34.1,"↘ Ligeramente bajo promedio",14.8,"🟢 Bajo"
"2026","Pericos de Puebla","Jose E. Martinez",672866,31,6,8,1,1,3.77,1.58,3.85967741935484,4.06,2.32,0.58,39.3,"↘ Ligeramente bajo promedio",25,"🟢 Bajo"
"2026","Pericos de Puebla","Fernando Lozano",683138,21,6,6,1,0,6,1.71,4.86428571428571,4.29,4.29,0.86,62.5,"↗ Ligeramente sobre promedio",53.2,"🟡 Moderado"
"2026","Pericos de Puebla","Cameron Gann",665105,16,5,5,0,0,9,2.31,8.025,6.19,9,2.25,93.8,"⚠️ ERA alto — candidato a mejorar",100,"🔴 Alto — bullpen expuesto"
"2025 (sin datos 2026)","Pericos de Puebla","Claudio Custodio",593468,14,1,18,0,4,10.29,2,2.79285714285714,8.36,4.5,0,100,"⚠️ ERA alto — candidato a mejorar",27,"🟢 Bajo"
"2026","Pericos de Puebla","Cristian Hernandez",678707,7.1,1,8,0,0,6.14,2.05,7.51619718309859,2.45,3.68,2.45,64,"↗ Ligeramente sobre promedio",58.8,"🟡 Moderado"
"2025 (sin datos 2026)","Pericos de Puebla","Edgar Santana",650828,41,0,51,2,1,3.95,1.54,3.44268292682927,4.39,2.85,0.22,41.1,"✓ Estable",20.4,"🟢 Bajo"
"2025 (sin datos 2026)","Pericos de Puebla","Cristian Alvarado",800079,29.2,0,31,3,2,6.07,1.89,5.88972602739726,6.07,4.25,1.82,63.2,"↗ Ligeramente sobre promedio",52.8,"🟡 Moderado"
"2025 (sin datos 2026)","Pericos de Puebla","Domingo Jimenez",650492,29.2,0,34,1,0,7.58,1.85,6.33493150684932,9.1,7.58,1.82,79,"⚠️ ERA alto — candidato a mejorar",72.8,"🔴 Alto — bullpen expuesto"
"2025 (sin datos 2026)","Pericos de Puebla","Joe Jones",691839,28.2,0,30,0,0,8.16,2.13,7.05070921985816,6.28,7.53,1.88,85,"⚠️ ERA alto — candidato a mejorar",73.4,"🔴 Alto — bullpen expuesto"
"2025 (sin datos 2026)","Pericos de Puebla","Jose Pina",473240,22,0,21,1,1,8.18,2.14,3.74090909090909,8.18,3.68,0.82,85.2,"⚠️ ERA alto — candidato a mejorar",34.4,"🟢 Bajo"
"2025 (sin datos 2026)","Pericos de Puebla","Williams Jerez",605301,21.1,0,22,3,1,3.8,1.31,4.19265402843602,7.17,4.22,0.84,39.6,"↘ Ligeramente bajo promedio",37.9,"🟢 Bajo"
"2026","Pericos de Puebla","Liarvis Breto",620978,21,0,21,2,0,1.29,1.05,2.57857142857143,9.86,3,0.43,13.4,"⚠️ ERA bajo — riesgo regresión",24.4,"🟢 Bajo"
"2025 (sin datos 2026)","Pericos de Puebla","Sam Clay",621348,20,0,25,1,0,6.3,2.15,5,8.1,3.15,1.8,65.6,"↗ Ligeramente sobre promedio",45.9,"🟢 Bajo"
"2026","Pericos de Puebla","Emailin Montilla",692983,19.1,0,21,1,1,6.98,1.76,2.25994764397906,11.17,2.79,0.47,72.7,"↗ Ligeramente sobre promedio",23.8,"🟢 Bajo"
"2025 (sin datos 2026)","Pericos de Puebla","Charlie Hasty",820829,16.2,0,21,0,0,9.72,2.1,5.86604938271605,5.94,4.86,1.62,100,"⚠️ ERA alto — candidato a mejorar",53.5,"🟡 Moderado"
"2026","Pericos de Puebla","Francis Peguero",677868,16.1,0,18,3,3,7.16,1.9,5.51024844720497,4.96,5.51,1.1,74.6,"↗ Ligeramente sobre promedio",49.6,"🟢 Bajo"
"2026","Pericos de Puebla","Edgar Torres",664475,13.1,0,17,2,1,5.4,1.5,6.58511450381679,7.43,3.38,2.7,56.3,"✓ Estable",60.8,"🟡 Moderado"
"2026","Pericos de Puebla","César Vargas",570714,12,0,14,2,0,4.5,1.25,2.98333333333333,9,2.25,0.75,46.9,"✓ Estable",24.8,"🟢 Bajo"
"2025 (sin datos 2026)","Pericos de Puebla","Daniel Zazueta",802568,11.2,0,20,0,0,11.57,2.23,5.91785714285714,10.8,8.49,1.54,100,"⚠️ ERA alto — candidato a mejorar",74,"🔴 Alto — bullpen expuesto"
"2026","Pericos de Puebla","Nomar Rojas",684085,11.1,0,14,2,0,5.56,1.5,4.41126126126126,9.53,3.18,1.59,57.9,"✓ Estable",42.9,"🟢 Bajo"
"2026","Pericos de Puebla","Tiago Da Silva",547921,10.2,0,10,0,2,8.44,1.69,6.67941176470588,9.28,1.69,3.38,87.9,"⚠️ ERA alto — candidato a mejorar",60.8,"🟡 Moderado"
"2026","Pericos de Puebla","Hunter McMahon",684937,10,0,10,0,0,5.4,1.5,2.15,9.9,3.6,0,56.3,"✓ Estable",21.6,"🟢 Bajo"
"2025 (sin datos 2026)","Pericos de Puebla","Fred Villarreal",670381,10,0,14,0,1,13.5,2.8,3.75,8.1,7.2,0,100,"⚠️ ERA alto — candidato a mejorar",43.2,"🟢 Bajo"
"2025 (sin datos 2026)","Pericos de Puebla","Alfred Gutierrez",621591,8,0,8,0,2,11.25,2.25,7.65,10.13,5.63,3.38,100,"⚠️ ERA alto — candidato a mejorar",84.5,"🔴 Alto — bullpen expuesto"
"2026","Pericos de Puebla","Mark Simon",677743,6.2,0,7,1,0,6.75,1.35,6.3758064516129,8.1,2.7,2.7,70.3,"↗ Ligeramente sobre promedio",56.7,"🟡 Moderado"
"2026","Pericos de Puebla","Yoimer Camacho",542467,6,0,7,0,1,10.5,2.17,7.31666666666667,7.5,4.5,3,100,"⚠️ ERA alto — candidato a mejorar",72,"🔴 Alto — bullpen expuesto"
"2026","Pericos de Puebla","Ivan Salas",532893,5,0,8,0,0,10.8,1.8,4.95,9,3.6,1.8,100,"⚠️ ERA alto — candidato a mejorar",48.6,"🟢 Bajo"
"2025 (sin datos 2026)","Pericos de Puebla","Jose Guzman",807698,5,0,6,1,0,16.2,3.4,11.75,7.2,7.2,5.4,100,"⚠️ ERA alto — candidato a mejorar",100,"🔴 Alto — bullpen expuesto"
"2025 (sin datos 2026)","Piratas de Campeche","Jake Thompson",622097,61.2,15,15,2,5,6.86,1.7,5.48660130718954,5.25,3.5,1.61,71.5,"↗ Ligeramente sobre promedio",55.5,"🟡 Moderado"
"2025 (sin datos 2026)","Piratas de Campeche","Yunesky Maya",493337,51.2,8,15,1,4,5.92,1.7,5.78671875,4.53,3.31,1.74,61.7,"↗ Ligeramente sobre promedio",46,"🟢 Bajo"
"2025 (sin datos 2026)","Piratas de Campeche","Sho Itoh",835302,44.1,8,10,3,2,5.28,1.47,5.87108843537415,5.28,2.84,2.03,55,"✓ Estable",47.5,"🟢 Bajo"
"2026","Piratas de Campeche","Bobby Milacki",673872,22.2,6,6,0,2,5.96,1.81,4.9518018018018,5.96,2.38,1.59,62.1,"↗ Ligeramente sobre promedio",51.2,"🟡 Moderado"
"2026","Piratas de Campeche","Sean Nolin",543594,18.2,6,6,0,5,13.02,2.04,7.16098901098901,8.68,2.89,3.37,100,"⚠️ ERA alto — candidato a mejorar",85.8,"🔴 Alto — bullpen expuesto"
"2026","Piratas de Campeche","R.J. Martinez",801994,23,5,8,0,1,3.91,1.17,4.06304347826087,9,1.96,1.57,40.7,"✓ Estable",41.9,"🟢 Bajo"
"2026","Piratas de Campeche","Tommy Doyle",656382,17.2,4,5,0,1,7.13,1.42,5.47558139534884,9.17,4.08,2.04,74.3,"↗ Ligeramente sobre promedio",63.8,"🟡 Moderado"
"2026","Piratas de Campeche","Miller Hogan",676949,14.2,4,4,1,0,4.3,1.09,3.99507042253521,7.98,2.45,1.23,44.8,"✓ Estable",47.3,"🟢 Bajo"
"2025 (sin datos 2026)","Piratas de Campeche","Ljay Newsome",664714,14.2,3,4,0,3,10.43,2.05,8.3612676056338,1.84,3.07,3.07,100,"⚠️ ERA alto — candidato a mejorar",70,"🔴 Alto — bullpen expuesto"
"2026","Piratas de Campeche","Ryan Garcia",674114,11,3,3,0,1,10.64,2.09,6.33181818181818,4.91,5.73,1.64,100,"⚠️ ERA alto — candidato a mejorar",72.3,"🔴 Alto — bullpen expuesto"
"2026","Piratas de Campeche","Jon Olsen",663537,10.2,3,4,1,1,7.59,1.69,5.50294117647059,10.97,6.75,1.69,79.1,"⚠️ ERA alto — candidato a mejorar",81.1,"🔴 Alto — bullpen expuesto"
"2026","Piratas de Campeche","Onelki Garcia",607162,15.2,2,13,1,2,8.04,2.04,2.62368421052632,7.47,3.45,0,83.8,"⚠️ ERA alto — candidato a mejorar",20.7,"🟢 Bajo"
"2026","Piratas de Campeche","Domingo Acevedo",642758,10,2,2,1,1,4.5,1.1,2.45,11.7,1.8,0.9,46.9,"✓ Estable",27.9,"🟢 Bajo"
"2026","Piratas de Campeche","Linder Castro",602345,14.2,1,9,0,2,8.59,1.7,8.99507042253521,7.98,3.68,4.3,89.5,"⚠️ ERA alto — candidato a mejorar",86.6,"🔴 Alto — bullpen expuesto"
"2026","Piratas de Campeche","Joe Record",682489,14,1,12,1,1,7.71,1.5,3.50714285714286,9.64,1.93,1.29,80.3,"⚠️ ERA alto — candidato a mejorar",30.9,"🟢 Bajo"
"2025 (sin datos 2026)","Piratas de Campeche","Gyeongju Kim",832567,7.2,1,7,0,0,7.04,2.35,9.95555555555556,4.7,7.04,3.52,73.3,"↗ Ligeramente sobre promedio",95,"🔴 Alto — bullpen expuesto"
"2025 (sin datos 2026)","Piratas de Campeche","James Hoyt",624586,28.1,0,33,3,2,4.76,1.66,3.505871886121,6.35,2.54,0.64,49.6,"✓ Estable",24.8,"🟢 Bajo"
"2025 (sin datos 2026)","Piratas de Campeche","Seth Mayberry",682255,23,0,21,1,0,4.7,1.52,5.23695652173913,7.04,5.87,1.17,49,"✓ Estable",52.8,"🟡 Moderado"
"2026","Piratas de Campeche","Pablo Tellez",701063,19.1,0,14,0,1,7.91,1.66,6.13429319371728,4.66,1.86,2.33,82.4,"⚠️ ERA alto — candidato a mejorar",46.1,"🟢 Bajo"
"2025 (sin datos 2026)","Piratas de Campeche","Ken Giles",571704,18.1,0,20,1,3,5.89,1.53,6.68591160220994,11.29,7.36,2.45,61.4,"↗ Ligeramente sobre promedio",80.9,"🔴 Alto — bullpen expuesto"
"2025 (sin datos 2026)","Piratas de Campeche","Luis Castillo",674498,17,0,13,1,1,5.82,1.94,8.67941176470588,8.47,8.47,3.18,60.6,"↗ Ligeramente sobre promedio",98.5,"🔴 Alto — bullpen expuesto"
"2026","Piratas de Campeche","Tyler Thomas",668869,16.2,0,13,1,0,4.32,1.62,2.7179012345679,11.88,4.32,0.54,45,"✓ Estable",34,"🟢 Bajo"
"2026","Piratas de Campeche","Darrell Thompson",703710,16.2,0,15,2,1,4.32,1.62,5.31049382716049,10.8,6.48,1.62,45,"✓ Estable",63.2,"🟡 Moderado"
"2026","Piratas de Campeche","Jose Isidro Marquez",667904,16,0,15,2,0,7.88,1.63,5.275,5.63,2.81,1.69,82.1,"⚠️ ERA alto — candidato a mejorar",42.2,"🟢 Bajo"
"2026","Piratas de Campeche","Dan Kubiuk",703655,14.2,0,15,1,0,1.84,1.23,2.72746478873239,5.52,2.45,0,19.2,"⚠️ ERA bajo — riesgo regresión",14.7,"🟢 Bajo"
"2025 (sin datos 2026)","Piratas de Campeche","Zac Kristofak",670219,13.1,0,14,1,0,4.05,1.43,3.60801526717557,9.45,4.73,0.67,42.2,"✓ Estable",38.4,"🟢 Bajo"
"2026","Piratas de Campeche","Terance Marin",598718,12.2,0,11,0,0,7.11,2.05,4.87131147540984,4.26,7.82,0,74.1,"↗ Ligeramente sobre promedio",46.9,"🟢 Bajo"
"2026","Piratas de Campeche","Ryder Yakel",840191,10.2,0,11,0,0,7.59,1.78,7.07156862745098,8.44,5.91,2.53,79.1,"⚠️ ERA alto — candidato a mejorar",73.4,"🔴 Alto — bullpen expuesto"
"2026","Piratas de Campeche","Bernardo Flores Jr.",641576,10.2,0,8,0,0,14.34,2.72,10.7970588235294,6.75,11.81,3.38,100,"⚠️ ERA alto — candidato a mejorar",100,"🔴 Alto — bullpen expuesto"
"2025 (sin datos 2026)","Piratas de Campeche","Cody Stashak",664054,8,0,9,0,0,3.38,1.13,5.65,6.75,2.25,2.25,35.2,"↘ Ligeramente bajo promedio",47.2,"🟢 Bajo"
"2026","Piratas de Campeche","Zac Rosscup",573127,6.2,0,7,1,1,5.4,1.95,3.79516129032258,9.45,8.1,0,56.3,"✓ Estable",48.6,"🟢 Bajo"
"2026","Piratas de Campeche","Kevin Kopps",667434,5.2,0,6,0,0,0,0.88,3.72692307692308,4.76,4.76,0,0,"⚠️ ERA bajo — riesgo regresión",28.6,"🟢 Bajo"
"2025 (sin datos 2026)","Piratas de Campeche","Rickey Ramirez",669162,5.1,0,5,0,0,10.13,2.25,9.03235294117647,6.75,6.75,3.38,100,"⚠️ ERA alto — candidato a mejorar",91.2,"🔴 Alto — bullpen expuesto"
"2025 (sin datos 2026)","Rieleros de Aguascalientes","Elniery García",622556,72.1,15,15,2,6,5.47,1.7,4.77274618585298,6.84,3.48,1.37,57,"✓ Estable",46.5,"🟢 Bajo"
"2025 (sin datos 2026)","Rieleros de Aguascalientes","Josimar Cousin",814300,62,14,17,4,6,7.55,1.94,7.34354838709677,5.66,5.66,2.47,78.6,"⚠️ ERA alto — candidato a mejorar",78.8,"🔴 Alto — bullpen expuesto"
"2025 (sin datos 2026)","Rieleros de Aguascalientes","Tucker Smith",807774,60.2,12,15,3,3,5.49,1.53,4.62840531561462,4.3,1.48,1.34,57.2,"✓ Estable",32.5,"🟢 Bajo"
"2025 (sin datos 2026)","Rieleros de Aguascalientes","Wendolyn Bautista",642664,37,9,13,1,1,8.76,1.84,6.25810810810811,8.76,4.62,2.43,91.2,"⚠️ ERA alto — candidato a mejorar",74.3,"🔴 Alto — bullpen expuesto"
"2026","Rieleros de Aguascalientes","Oscar De La Cruz",642601,37,7,7,2,3,5.59,1.49,3.01486486486486,7.05,2.19,0.49,58.2,"✓ Estable",22,"🟢 Bajo"
"2026","Rieleros de Aguascalientes","Greg Duncan",827710,33.1,6,8,1,1,5.13,1.38,3.78444108761329,6.48,2.7,0.81,53.4,"✓ Estable",28.4,"🟢 Bajo"
"2026","Rieleros de Aguascalientes","Ronald Medrano",642574,28.2,6,6,2,3,4.4,1.22,4.78120567375887,8.79,2.51,1.88,45.8,"✓ Estable",49.1,"🟢 Bajo"
"2026","Rieleros de Aguascalientes","Ben Holmes",592411,18.2,4,4,1,2,4.82,1.45,3.91923076923077,4.82,3.38,0.48,50.2,"✓ Estable",34.4,"🟢 Bajo"
"2026","Rieleros de Aguascalientes","Deylen Miley",694657,13.2,4,4,0,1,5.93,2.05,4.74090909090909,9.22,7.9,0.66,61.8,"↗ Ligeramente sobre promedio",73.3,"🔴 Alto — bullpen expuesto"
"2025 (sin datos 2026)","Rieleros de Aguascalientes","Wilfredo Boscan",517448,11.1,3,5,0,2,13.5,2.74,12.0689189189189,6.35,6.35,5.56,100,"⚠️ ERA alto — candidato a mejorar",100,"🔴 Alto — bullpen expuesto"
"2026","Rieleros de Aguascalientes","Adrian Almeida",622426,7.2,3,3,0,1,16.43,3.65,8.70555555555556,8.22,5.87,3.52,100,"⚠️ ERA alto — candidato a mejorar",100,"🔴 Alto — bullpen expuesto"
"2025 (sin datos 2026)","Rieleros de Aguascalientes","Juan Carlos Sulbaran",543833,12.1,2,5,2,1,10.22,2.35,7.1995867768595,6.57,3.65,2.92,100,"⚠️ ERA alto — candidato a mejorar",65.7,"🟡 Moderado"
"2025 (sin datos 2026)","Rieleros de Aguascalientes","Alex Scherff",669085,9.2,2,13,0,1,19.55,3.21,9.88913043478261,7.45,12.1,2.79,100,"⚠️ ERA alto — candidato a mejorar",100,"🔴 Alto — bullpen expuesto"
"2025 (sin datos 2026)","Rieleros de Aguascalientes","Noah Bremer",676084,7,2,3,0,0,10.29,1.86,4.43571428571429,3.86,6.43,0,100,"⚠️ ERA alto — candidato a mejorar",53.1,"🟡 Moderado"
"2025 (sin datos 2026)","Rieleros de Aguascalientes","Ramón Rosso",665759,18,1,19,1,2,9,2.28,7.53888888888889,9,10.5,2,93.8,"⚠️ ERA alto — candidato a mejorar",93,"🔴 Alto — bullpen expuesto"
"2026","Rieleros de Aguascalientes","Angel Rondón",667373,16,1,12,2,0,6.75,1.63,5.4625,4.5,5.06,1.13,70.3,"↗ Ligeramente sobre promedio",47.3,"🟢 Bajo"
"2026","Rieleros de Aguascalientes","Harol González",656083,5,1,1,1,0,7.2,1.8,2.55,5.4,1.8,0,75,"⚠️ ERA alto — candidato a mejorar",14.4,"🟢 Bajo"
"2025 (sin datos 2026)","Rieleros de Aguascalientes","Jojanse Torres",666672,26,0,30,0,3,9.35,2.27,6.76538461538462,4.85,6.58,1.73,97.4,"⚠️ ERA alto — candidato a mejorar",65.4,"🟡 Moderado"
"2025 (sin datos 2026)","Rieleros de Aguascalientes","Raffi Vizcaíno",642563,21.1,0,25,2,6,10.55,2.16,6.23056872037915,8.86,5.91,2.11,100,"⚠️ ERA alto — candidato a mejorar",67.1,"🟡 Moderado"
"2025 (sin datos 2026)","Rieleros de Aguascalientes","Dany Jiménez",666204,20,0,25,1,0,10.35,2.65,7.2,9.45,12.6,1.35,100,"⚠️ ERA alto — candidato a mejorar",95.8,"🔴 Alto — bullpen expuesto"
"2025 (sin datos 2026)","Rieleros de Aguascalientes","Yaya Chentouf",663506,17,0,16,0,5,11.12,2.53,7.38529411764706,7.41,8.47,2.12,100,"⚠️ ERA alto — candidato a mejorar",82.6,"🔴 Alto — bullpen expuesto"
"2025 (sin datos 2026)","Rieleros de Aguascalientes","Jordan Johnson",607588,16.1,0,16,0,0,9.92,1.9,4.7027950310559,7.16,2.2,1.65,100,"⚠️ ERA alto — candidato a mejorar",38,"🟢 Bajo"
"2026","Rieleros de Aguascalientes","Cam Robinson",676515,16,0,16,1,0,0.56,1.13,1.4625,11.81,2.81,0,5.8,"⚠️ ERA bajo — riesgo regresión",16.9,"🟢 Bajo"
"2026","Rieleros de Aguascalientes","Nick Trogrlic-Iverson",666371,16,0,13,2,1,7.88,1.81,4.15,7.88,3.38,1.13,82.1,"⚠️ ERA alto — candidato a mejorar",37.2,"🟢 Bajo"
"2026","Rieleros de Aguascalientes","Jimmy Burnette",694787,14.2,0,18,0,1,3.68,1.43,2.72746478873239,12.89,7.36,0,38.3,"↘ Ligeramente bajo promedio",44.2,"🟢 Bajo"
"2025 (sin datos 2026)","Rieleros de Aguascalientes","Richard Guasch",683014,14,0,13,2,0,1.93,1.14,0.221428571428572,16.07,1.93,0,20.1,"⚠️ ERA bajo — riesgo regresión",11.6,"🟢 Bajo"
"2026","Rieleros de Aguascalientes","Williander Moreno",678981,13.1,0,13,0,1,9.45,2.03,2.61564885496183,10.8,2.7,0.67,98.4,"⚠️ ERA alto — candidato a mejorar",26.3,"🟢 Bajo"
"2025 (sin datos 2026)","Rieleros de Aguascalientes","Ramon Santos",622353,12.2,0,13,0,1,7.82,2.21,6.42868852459016,7.82,8.53,1.42,81.5,"⚠️ ERA alto — candidato a mejorar",72.5,"🔴 Alto — bullpen expuesto"
"2026","Rieleros de Aguascalientes","Jonathan Vargas",500279,11.2,0,15,0,0,6.17,1.97,4.04285714285714,7.71,7.71,0,64.3,"↗ Ligeramente sobre promedio",46.3,"🟢 Bajo"
"2025 (sin datos 2026)","Rieleros de Aguascalientes","Tomas Solis",477584,10.1,0,10,0,0,7.84,1.65,8.79356435643564,1.74,2.61,3.48,81.7,"⚠️ ERA alto — candidato a mejorar",67.9,"🟡 Moderado"
"2026","Rieleros de Aguascalientes","Mario Garcia",678712,9.1,0,7,0,0,7.71,1.61,3.80934065934066,4.82,0.96,0.96,80.3,"⚠️ ERA alto — candidato a mejorar",20.2,"🟢 Bajo"
"2025 (sin datos 2026)","Rieleros de Aguascalientes","Andrew Schultz",669697,9.1,0,8,0,0,4.82,2.04,3.36978021978022,13.5,9.64,0,50.2,"✓ Estable",57.8,"🟡 Moderado"
"2026","Rieleros de Aguascalientes","Eduardo Paredes",622161,9,0,11,2,0,5,2,6.03888888888889,6,4,2,52.1,"✓ Estable",54,"🟡 Moderado"
"2026","Rieleros de Aguascalientes","Porfirio Guerrero",815760,9,0,4,0,0,9,2,7.81666666666667,6,5,3,93.8,"⚠️ ERA alto — candidato a mejorar",75,"🔴 Alto — bullpen expuesto"
"2026","Rieleros de Aguascalientes","Pedro Rodriguez",466463,9,0,11,2,2,12,2.78,5.81666666666667,5,7,1,100,"⚠️ ERA alto — candidato a mejorar",57,"🟡 Moderado"
"2025 (sin datos 2026)","Rieleros de Aguascalientes","Carlo Reyes",683689,9,0,9,1,0,8,1.56,7.03888888888889,6,7,2,83.3,"⚠️ ERA alto — candidato a mejorar",72,"🔴 Alto — bullpen expuesto"
"2026","Rieleros de Aguascalientes","Yosshel Hurtado",657896,8.2,0,7,0,0,6.23,1.5,4.73536585365854,6.23,4.15,1.04,64.9,"↗ Ligeramente sobre promedio",40.5,"🟢 Bajo"
"2026","Rieleros de Aguascalientes","Samuel Reyes",672795,8.1,0,12,2,0,11.88,2.52,3.52037037037037,6.48,5.4,0,100,"⚠️ ERA alto — candidato a mejorar",32.4,"🟢 Bajo"
"2025 (sin datos 2026)","Rieleros de Aguascalientes","Tyler Wilson",543934,8.1,0,10,0,1,18.36,3.36,8.70555555555556,9.72,8.64,3.24,100,"⚠️ ERA alto — candidato a mejorar",100,"🔴 Alto — bullpen expuesto"
"2025 (sin datos 2026)","Rieleros de Aguascalientes","Vidal Sotelo",691678,6.2,0,5,0,0,12.15,2.25,8.31129032258064,8.1,8.1,2.7,100,"⚠️ ERA alto — candidato a mejorar",89.1,"🔴 Alto — bullpen expuesto"
"2026","Rieleros de Aguascalientes","Brian McKenna",691869,6,0,8,1,1,12,2.67,5.98333333333333,6,6,1.5,100,"⚠️ ERA alto — candidato a mejorar",58.5,"🟡 Moderado"
"2025 (sin datos 2026)","Rieleros de Aguascalientes","Angel De Jesus",669804,5.2,0,7,0,2,17.47,1.94,12.5730769230769,1.59,6.35,4.76,100,"⚠️ ERA alto — candidato a mejorar",100,"🔴 Alto — bullpen expuesto"
"2026","Saraperos de Saltillo","Erich Uelmen",657272,31,7,7,3,2,3.19,1.32,2.24677419354839,6.68,1.74,0,33.2,"↘ Ligeramente bajo promedio",18.2,"🟢 Bajo"
"2026","Saraperos de Saltillo","Manny Barreda",518435,30,7,7,0,3,7.2,1.93,6.58333333333333,6.3,5.4,2.1,75,"⚠️ ERA alto — candidato a mejorar",72.7,"🔴 Alto — bullpen expuesto"
"2026","Saraperos de Saltillo","Wilmer Font",521655,29.1,6,6,3,2,3.99,1.23,2.77199312714777,9.82,2.76,0.61,41.6,"✓ Estable",30.4,"🟢 Bajo"
"2026","Saraperos de Saltillo","Zach Mort",681817,28.2,6,6,2,3,5.34,1.43,2.54716312056738,10.05,2.2,0.63,55.6,"✓ Estable",28.5,"🟢 Bajo"
"2025 (sin datos 2026)","Saraperos de Saltillo","Lewis Thorpe",626929,25,2,21,3,3,9.36,1.88,6.79,9,7.56,2.16,97.5,"⚠️ ERA alto — candidato a mejorar",77.8,"🔴 Alto — bullpen expuesto"
"2025 (sin datos 2026)","Saraperos de Saltillo","Anibal Cervantes",703716,16.2,2,11,1,1,10.8,2.1,8.70555555555556,4.86,5.4,3.24,100,"⚠️ ERA alto — candidato a mejorar",81,"🔴 Alto — bullpen expuesto"
"2025 (sin datos 2026)","Saraperos de Saltillo","Ian Krol",571871,32,1,34,2,1,4.5,1.81,4.65,7.31,4.5,1.13,46.9,"✓ Estable",44,"🟢 Bajo"
"2025 (sin datos 2026)","Saraperos de Saltillo","Francisco Haro",662964,15.2,1,18,0,1,16.66,2.81,7.42631578947368,5.17,3.45,2.87,100,"⚠️ ERA alto — candidato a mejorar",63.8,"🟡 Moderado"
"2025 (sin datos 2026)","Saraperos de Saltillo","Angel Reyes",681938,32.1,0,28,2,2,6.68,1.92,5.20607476635514,4.18,5.29,0.84,69.6,"↗ Ligeramente sobre promedio",44.3,"🟢 Bajo"
"2025 (sin datos 2026)","Saraperos de Saltillo","Ricky Karcher",676689,30.1,0,30,6,1,5.04,2.21,4.87757475083056,9.79,10.38,0.3,52.5,"✓ Estable",66.8,"🟡 Moderado"
"2025 (sin datos 2026)","Saraperos de Saltillo","Conner Menez",669214,18,0,17,2,1,5,2.28,5.26111111111111,10.5,9,1,52.1,"✓ Estable",69,"🟡 Moderado"
"2026","Saraperos de Saltillo","Luis Frías",666818,16.2,0,16,2,0,2.16,0.84,2.59444444444444,11.88,1.62,1.08,22.5,"⚠️ ERA bajo — riesgo regresión",25.9,"🟢 Bajo"
"2026","Saraperos de Saltillo","Ivan Izaguirre",703721,14.2,0,10,0,1,4.3,1.57,4.55845070422535,5.52,2.45,1.23,44.8,"✓ Estable",33.1,"🟢 Bajo"
"2026","Saraperos de Saltillo","Cameron Cotter",694650,14.1,0,16,0,0,3.77,1.53,3.85921985815603,3.77,1.88,0.63,39.3,"↘ Ligeramente bajo promedio",20.7,"🟢 Bajo"
"2026","Saraperos de Saltillo","Enderson Franco",575070,14,0,17,0,1,6.43,1.71,3.43571428571429,7.71,3.21,0.64,67,"↗ Ligeramente sobre promedio",28.9,"🟢 Bajo"
"2025 (sin datos 2026)","Saraperos de Saltillo","Patrick Weigel",622256,13.1,0,11,3,2,3.38,1.13,3.45534351145038,8.1,3.38,0.67,35.2,"↘ Ligeramente bajo promedio",30.3,"🟢 Bajo"
"2026","Saraperos de Saltillo","Jesus Cruz",672911,12.1,0,13,0,0,3.65,1.46,2.81942148760331,11.68,3.65,0.73,38,"↘ Ligeramente bajo promedio",32.8,"🟢 Bajo"
"2026","Saraperos de Saltillo","Kazuki Yabuta",840208,11.2,0,10,0,1,3.09,1.63,1.98928571428571,13.11,5.4,0,32.2,"↘ Ligeramente bajo promedio",32.4,"🟢 Bajo"
"2026","Saraperos de Saltillo","Mario Meza",616405,10.2,0,12,0,0,5.06,1.41,2.07156862745098,10.97,4.22,0,52.7,"✓ Estable",25.3,"🟢 Bajo"
"2026","Saraperos de Saltillo","Deolis Guerra",500610,9.2,0,10,0,1,0.93,1.34,0.976086956521739,12.1,1.86,0,9.7,"⚠️ ERA bajo — riesgo regresión",11.2,"🟢 Bajo"
"2026","Saraperos de Saltillo","Jesús Reyes",660875,9.2,0,12,0,0,11.17,3.41,8.25869565217391,8.38,12.1,1.86,100,"⚠️ ERA alto — candidato a mejorar",100,"🔴 Alto — bullpen expuesto"
"2025 (sin datos 2026)","Saraperos de Saltillo","Enrique Burgos",542609,9.1,0,11,0,0,8.68,2.04,5.89725274725275,7.71,4.82,1.93,90.4,"⚠️ ERA alto — candidato a mejorar",57.9,"🟡 Moderado"
"2026","Saraperos de Saltillo","Alex Claudio",592222,7.1,0,12,0,0,2.45,1.23,3.29084507042253,7.36,0,1.23,25.5,"↘ Ligeramente bajo promedio",18.4,"🟢 Bajo"
"2026","Sultanes de Monterrey","Stephen Tarpley",605501,35.1,7,7,3,2,3.82,1.05,4.57450142450142,6.88,3.31,1.27,39.8,"↘ Ligeramente bajo promedio",42.4,"🟢 Bajo"
"2026","Sultanes de Monterrey","Manny Banuelos",544365,34,7,7,3,2,3.44,1.24,3.79705882352941,7.41,3.44,0.79,35.8,"↘ Ligeramente bajo promedio",37.2,"🟢 Bajo"
"2026","Sultanes de Monterrey","Nolan Kingham",663884,34.2,6,6,3,0,1.82,1.01,1.98040935672515,7.53,1.56,0,19,"⚠️ ERA bajo — riesgo regresión",9.4,"🟢 Bajo"
"2026","Sultanes de Monterrey","Justus Sheffield",656954,31,6,6,4,0,1.45,1.1,3.47258064516129,5.23,3.19,0.29,15.1,"⚠️ ERA bajo — riesgo regresión",25.9,"🟢 Bajo"
"2026","Sultanes de Monterrey","Yohander Méndez",622795,18.2,4,6,0,3,9.16,1.93,4.79835164835165,10.13,5.3,1.45,95.4,"⚠️ ERA alto — candidato a mejorar",60.5,"🟡 Moderado"
"2025 (sin datos 2026)","Sultanes de Monterrey","Jared Lakind",592481,24.2,2,17,1,2,5.47,1.18,4.22438016528926,9.12,2.92,1.46,57,"✓ Estable",39.4,"🟢 Bajo"
"2026","Sultanes de Monterrey","Manuel Urias",679893,10,2,2,1,0,2.7,1,3.25,5.4,0,0.9,28.1,"↘ Ligeramente bajo promedio",17.1,"🟢 Bajo"
"2026","Sultanes de Monterrey","Alonso Becerra",824049,14.2,1,7,0,1,3.68,1.36,4.91056338028169,6.75,4.3,1.23,38.3,"↘ Ligeramente bajo promedio",44.2,"🟢 Bajo"
"2025 (sin datos 2026)","Sultanes de Monterrey","Paul Fry",643316,45.1,0,50,5,2,1.79,1.08,2.86175166297118,8.34,2.98,0.4,18.6,"⚠️ ERA bajo — riesgo regresión",23.9,"🟢 Bajo"
"2025 (sin datos 2026)","Sultanes de Monterrey","Carlos Medina",802392,31,0,25,0,0,2.61,1.23,4.05322580645161,5.81,4.06,0.58,27.2,"↘ Ligeramente bajo promedio",33.1,"🟢 Bajo"
"2025 (sin datos 2026)","Sultanes de Monterrey","Zack Leban",681671,19.1,0,23,2,0,5.12,1.71,2.73115183246073,9.78,3.26,0.47,53.3,"✓ Estable",26.6,"🟢 Bajo"
"2026","Sultanes de Monterrey","Richard Rodríguez",593144,17.2,0,18,2,0,3.06,1.13,4.02209302325581,10.7,3.06,1.53,31.9,"↘ Ligeramente bajo promedio",41.3,"🟢 Bajo"
"2026","Sultanes de Monterrey","Ronaldo Alesandro",682551,15.2,0,17,2,0,2.3,1.02,3.54473684210526,8.04,4.02,0.57,24,"⚠️ ERA bajo — riesgo regresión",32.7,"🟢 Bajo"
"2026","Sultanes de Monterrey","Chris Ellis",595939,14,0,13,1,0,2.57,1.29,3.29285714285714,10.29,4.5,0.64,26.8,"↘ Ligeramente bajo promedio",36.6,"🟢 Bajo"
"2026","Sultanes de Monterrey","Daniel Cruz",690909,13,0,11,1,1,7.62,1.54,5.91923076923077,6.23,3.46,2.08,79.4,"⚠️ ERA alto — candidato a mejorar",52,"🟡 Moderado"
"2026","Sultanes de Monterrey","Geronimo Franzua",601980,12.2,0,15,1,0,3.55,1.03,4.46147540983607,7.82,2.84,1.42,37,"↘ Ligeramente bajo promedio",38.3,"🟢 Bajo"
"2026","Sultanes de Monterrey","Oliver Ortega",661383,11.2,0,15,2,2,7.71,1.89,6.54285714285714,10.03,3.09,3.09,80.3,"⚠️ ERA alto — candidato a mejorar",64.9,"🟡 Moderado"
"2026","Sultanes de Monterrey","Andre Sanchez",700062,10,0,5,0,1,2.7,0.9,2.35,9,3.6,0,28.1,"↘ Ligeramente bajo promedio",21.6,"🟢 Bajo"
"2026","Sultanes de Monterrey","Erick Rodriguez",692601,9.2,0,8,1,0,8.38,1.97,5.86739130434783,4.66,2.79,1.86,87.3,"⚠️ ERA alto — candidato a mejorar",44.6,"🟢 Bajo"
"2026","Sultanes de Monterrey","Alexis Vera",700063,9.1,0,14,0,0,0,1.39,2.0510989010989,10.61,3.86,0,0,"⚠️ ERA bajo — riesgo regresión",23.2,"🟢 Bajo"
"2026","Sultanes de Monterrey","Jake Higginbotham",663977,7.2,0,9,0,1,3.52,0.65,2.31666666666667,12.91,1.17,1.17,36.7,"↘ Ligeramente bajo promedio",24.6,"🟢 Bajo"
"2025 (sin datos 2026)","Tecos de los Dos Laredos","Drew Strotman",675977,56,9,20,2,3,5.63,1.66,4.48928571428571,6.43,4.82,0.8,58.6,"✓ Estable",40.9,"🟢 Bajo"
"2026","Tecos de los Dos Laredos","Daniel Mengden",596043,41.1,7,7,2,0,2.4,0.99,3.00401459854015,7.19,1.52,0.65,25,"⚠️ ERA bajo — riesgo regresión",18.9,"🟢 Bajo"
"2026","Tecos de los Dos Laredos","Cam Alldred",682027,21.2,7,7,0,4,12.46,2.31,7.39528301886793,7.89,3.32,3.32,100,"⚠️ ERA alto — candidato a mejorar",87.7,"🔴 Alto — bullpen expuesto"
"2026","Tecos de los Dos Laredos","Tyler Ivey",663959,27.2,6,6,4,1,3.25,1.19,2.63529411764706,7.81,2.28,0.33,33.9,"↘ Ligeramente bajo promedio",25.7,"🟢 Bajo"
"2026","Tecos de los Dos Laredos","Nate Antone",802591,25.2,6,6,2,1,5.61,1.4,3.94365079365079,8.77,2.1,1.4,58.4,"✓ Estable",43.1,"🟢 Bajo"
"2026","Tecos de los Dos Laredos","Adrian De Horta",641506,21.1,5,6,0,1,5.06,1.45,6.04099526066351,5.48,6.75,1.27,52.7,"✓ Estable",68.9,"🟡 Moderado"
"2025 (sin datos 2026)","Tecos de los Dos Laredos","Cory Abbott",676265,15,3,3,1,1,2.4,1.4,2.75,9,4.8,0,25,"⚠️ ERA bajo — riesgo regresión",32.4,"🟢 Bajo"
"2025 (sin datos 2026)","Tecos de los Dos Laredos","Nick Margevicius",676606,10.1,2,2,2,0,0.87,0.97,2.6549504950495,6.1,2.61,0,9.1,"⚠️ ERA bajo — riesgo regresión",18.9,"🟢 Bajo"
"2025 (sin datos 2026)","Tecos de los Dos Laredos","Connor Sadzeck",592712,30,1,25,4,1,4.2,1.23,3.35,7.8,4.5,0.3,43.8,"✓ Estable",31.5,"🟢 Bajo"
"2026","Tecos de los Dos Laredos","Dario Gardea",677915,12.1,1,13,0,1,3.65,1.62,2.98471074380165,13.14,5.11,0.73,38,"↘ Ligeramente bajo promedio",41.6,"🟢 Bajo"
"2025 (sin datos 2026)","Tecos de los Dos Laredos","Sam Bordner",663778,46.2,0,50,6,1,5.21,1.44,5.01147186147186,8.49,3.66,1.74,54.3,"✓ Estable",48.1,"🟢 Bajo"
"2025 (sin datos 2026)","Tecos de los Dos Laredos","Theo Denlinger",690281,30.2,0,35,1,1,6.46,1.63,4.07715231788079,7.63,5.28,0.59,67.3,"↗ Ligeramente sobre promedio",40.5,"🟢 Bajo"
"2025 (sin datos 2026)","Tecos de los Dos Laredos","Andrew Vasquez",607755,28,0,27,0,1,1.29,1,2.04285714285714,10.93,2.57,0.32,13.4,"⚠️ ERA bajo — riesgo regresión",20.2,"🟢 Bajo"
"2025 (sin datos 2026)","Tecos de los Dos Laredos","Skylar Arias",670404,24.1,0,33,2,0,5.92,1.32,3.19149377593361,10.73,4.07,0.74,61.7,"↗ Ligeramente sobre promedio",35.5,"🟢 Bajo"
"2026","Tecos de los Dos Laredos","Ryan Hendrix",641682,19.1,0,17,2,2,3.26,0.98,2.88821989528796,10.71,2.33,0.93,34,"↘ Ligeramente bajo promedio",27.9,"🟢 Bajo"
"2026","Tecos de los Dos Laredos","Jackson Rees",682448,19,0,19,0,1,2.37,1.26,3.30789473684211,9.47,4.74,0.47,24.7,"⚠️ ERA bajo — riesgo regresión",35.5,"🟢 Bajo"
"2026","Tecos de los Dos Laredos","Jonathan Haab",805248,18.1,0,16,2,0,6.38,1.91,6.46491712707182,9.82,7.85,1.96,66.5,"↗ Ligeramente sobre promedio",76.5,"🔴 Alto — bullpen expuesto"
"2026","Tecos de los Dos Laredos","Wilking Rodríguez",516853,16.1,0,17,1,1,2.2,1.47,3.15,14.88,2.76,1.65,22.9,"⚠️ ERA bajo — riesgo regresión",41.3,"🟢 Bajo"
"2026","Tecos de los Dos Laredos","Austin Adams",613534,13.2,0,16,0,1,2.63,1.39,3.15,11.2,4.61,0.66,27.4,"↘ Ligeramente bajo promedio",37.6,"🟢 Bajo"
"2025 (sin datos 2026)","Tecos de los Dos Laredos","Art Warren",605521,13.1,0,16,1,1,5.4,1.8,4.37137404580153,10.13,7.43,0.67,56.3,"✓ Estable",54.6,"🟡 Moderado"
"2026","Tecos de los Dos Laredos","Rio Gomez",677013,12.1,0,14,2,0,2.19,0.89,2.40619834710744,6.57,2.19,0,22.8,"⚠️ ERA bajo — riesgo regresión",13.1,"🟢 Bajo"
"2026","Tecos de los Dos Laredos","Adolfo Ramirez",672666,11.1,0,13,0,1,3.18,1.41,3.33018018018018,12.71,5.56,0.79,33.1,"↘ Ligeramente bajo promedio",45.2,"🟢 Bajo"
"2026","Tecos de los Dos Laredos","Michael Gomez",676546,10.1,0,12,1,1,9.58,2.32,5.72425742574257,10.45,6.97,1.74,99.8,"⚠️ ERA alto — candidato a mejorar",67.9,"🟡 Moderado"
"2025 (sin datos 2026)","Tecos de los Dos Laredos","Donnie Hart",643354,7.2,0,12,0,0,4.7,1.04,4.81666666666667,8.22,0,2.35,49,"✓ Estable",35.2,"🟢 Bajo"
"2026","Tecos de los Dos Laredos","David Leal",687578,7.1,0,8,0,0,6.14,1.77,5.5443661971831,4.91,4.91,1.23,64,"↗ Ligeramente sobre promedio",47.9,"🟢 Bajo"
"2026","Tecos de los Dos Laredos","Diego Hernandez",800545,6.1,0,4,0,1,1.42,1.58,2.82213114754098,9.95,5.68,0,14.8,"⚠️ ERA bajo — riesgo regresión",34.1,"🟢 Bajo"
"2025 (sin datos 2026)","Tecos de los Dos Laredos","Beau Burrows",663366,5.2,0,8,0,2,9.53,2.82,4.49615384615385,15.88,14.29,0,99.3,"⚠️ ERA alto — candidato a mejorar",85.7,"🔴 Alto — bullpen expuesto"
"2025 (sin datos 2026)","Tigres de Quintana Roo","Steven Moyers",670625,77.2,18,19,3,10,6.14,1.69,4.82098445595855,6.26,3.13,1.39,64,"↗ Ligeramente sobre promedio",48.4,"🟢 Bajo"
"2025 (sin datos 2026)","Tigres de Quintana Roo","Carl Edwards Jr.",605218,74.2,14,14,5,2,3.38,1.23,3.55431266846361,7.23,2.89,0.72,35.2,"↘ Ligeramente bajo promedio",29.6,"🟢 Bajo"
"2025 (sin datos 2026)","Tigres de Quintana Roo","Alex Delgado",604596,46,8,18,5,3,4.89,1.5,4.45434782608696,6.07,3.72,0.98,50.9,"✓ Estable",37,"🟢 Bajo"
"2025 (sin datos 2026)","Tigres de Quintana Roo","Kobe Foster",816330,40.1,8,8,1,2,6.92,1.59,6.19239401496259,5.36,2.01,2.45,72.1,"↗ Ligeramente sobre promedio",52.4,"🟡 Moderado"
"2026","Tigres de Quintana Roo","Brady Tedesco",805749,17.2,7,7,2,5,12.74,1.98,5.82441860465116,7.64,4.08,2.04,100,"⚠️ ERA alto — candidato a mejorar",77.2,"🔴 Alto — bullpen expuesto"
"2026","Tigres de Quintana Roo","Melvi Acosta",666673,23.1,6,6,0,3,6.56,1.71,7.99848484848485,3.47,5.01,2.7,68.3,"↗ Ligeramente sobre promedio",82.6,"🔴 Alto — bullpen expuesto"
"2026","Tigres de Quintana Roo","Darius Vines",670241,19.1,5,5,0,1,7.45,1.29,5.76780104712042,8.38,3.26,2.33,77.6,"⚠️ ERA alto — candidato a mejorar",66.7,"🟡 Moderado"
"2026","Tigres de Quintana Roo","Xzavion Curry",675540,20.1,4,4,1,2,4.87,1.18,4.59278606965174,7.52,3.54,1.33,50.7,"✓ Estable",44.6,"🟢 Bajo"
"2026","Tigres de Quintana Roo","Julio Robaina",678789,18.1,4,4,2,0,1.47,0.93,2.32127071823204,7.36,2.45,0,15.3,"⚠️ ERA bajo — riesgo regresión",21.8,"🟢 Bajo"
"2026","Tigres de Quintana Roo","Colton Eastman",663678,10.2,3,3,0,3,6.75,1.88,5.50294117647059,8.44,5.06,1.69,70.3,"↗ Ligeramente sobre promedio",71,"🔴 Alto — bullpen expuesto"
"2025 (sin datos 2026)","Tigres de Quintana Roo","Gael Bermudez",815275,18,2,11,0,1,11,2.44,8.53888888888889,5.5,9,2.5,100,"⚠️ ERA alto — candidato a mejorar",91.5,"🔴 Alto — bullpen expuesto"
"2025 (sin datos 2026)","Tigres de Quintana Roo","Johnny Barbato",592127,12.1,2,9,0,3,7.3,2.11,5.71198347107438,6.57,8.76,0.73,76,"⚠️ ERA alto — candidato a mejorar",63.5,"🟡 Moderado"
"2025 (sin datos 2026)","Tigres de Quintana Roo","Markos  Sanchez",826518,10,1,6,0,0,9,2.5,6.95,1.8,12.6,0,93.8,"⚠️ ERA alto — candidato a mejorar",75.6,"🔴 Alto — bullpen expuesto"
"2025 (sin datos 2026)","Tigres de Quintana Roo","Juan Cossio",687455,37.1,0,33,1,1,4.58,1.5,5.3332884097035,7.71,4.34,1.69,47.7,"✓ Estable",51.4,"🟡 Moderado"
"2025 (sin datos 2026)","Tigres de Quintana Roo","Pedro Payano",622797,36.2,0,40,2,1,4.91,1.55,4.9732044198895,8.1,4.42,1.47,51.1,"✓ Estable",48.6,"🟢 Bajo"
"2025 (sin datos 2026)","Tigres de Quintana Roo","Henry Omana",670772,23,0,25,2,1,7.43,1.91,5.58478260869565,9,8.22,1.17,77.4,"⚠️ ERA alto — candidato a mejorar",66.9,"🟡 Moderado"
"2025 (sin datos 2026)","Tigres de Quintana Roo","DJ Johnson",597113,21.2,0,24,0,1,4.15,1.57,4.14056603773585,7.89,4.57,0.83,43.2,"✓ Estable",39.9,"🟢 Bajo"
"2026","Tigres de Quintana Roo","Joan Gonzalez",802993,18,0,10,0,0,6,1.78,4.65,7,7,0.5,62.5,"↗ Ligeramente sobre promedio",49.5,"🟢 Bajo"
"2026","Tigres de Quintana Roo","Ernesto Borges",692643,17.2,0,8,0,1,3.06,1.36,3.90581395348837,5.09,5.6,0,31.9,"↘ Ligeramente bajo promedio",33.6,"🟢 Bajo"
"2026","Tigres de Quintana Roo","Trevor Kelley",665001,17.1,0,18,1,0,2.6,1.27,2.27280701754386,8.83,1.04,0.52,27.1,"↘ Ligeramente bajo promedio",14,"🟢 Bajo"
"2025 (sin datos 2026)","Tigres de Quintana Roo","Dayeison Arias",674375,16.1,0,16,0,1,7.71,1.84,4.76490683229814,11.02,4.96,1.65,80.3,"⚠️ ERA alto — candidato a mejorar",54.5,"🟡 Moderado"
"2026","Tigres de Quintana Roo","Enrique Castillo",811370,14.2,0,15,1,0,3.68,1.3,4.34718309859155,12.89,6.75,1.23,38.3,"↘ Ligeramente bajo promedio",59,"🟡 Moderado"
"2026","Tigres de Quintana Roo","Jose Albertos",666016,13.1,0,7,0,1,5.4,1.95,6.12709923664122,4.73,6.08,1.35,56.3,"✓ Estable",56.7,"🟡 Moderado"
"2026","Tigres de Quintana Roo","Juan Zapata",679033,13,0,15,2,0,4.15,0.92,1.61153846153846,11.08,2.77,0,43.2,"✓ Estable",16.6,"🟢 Bajo"
"2026","Tigres de Quintana Roo","Jonathan Partida",674476,12.2,0,12,1,0,3.55,1.5,4.05163934426229,8.53,2.13,1.42,37,"↘ Ligeramente bajo promedio",34.1,"🟢 Bajo"
"2026","Tigres de Quintana Roo","Adrian Herrera",805155,12.1,0,13,0,0,3.65,1.54,2.24090909090909,9.49,3.65,0,38,"↘ Ligeramente bajo promedio",21.9,"🟢 Bajo"
"2026","Tigres de Quintana Roo","Vicente Valenzuela",685692,12.1,0,16,0,0,4.38,1.62,4.30702479338843,8.76,2.92,1.46,45.6,"✓ Estable",39.4,"🟢 Bajo"
"2025 (sin datos 2026)","Tigres de Quintana Roo","Kenny Hernandez",665789,12.1,0,13,1,0,8.76,2.19,3.64586776859504,10.22,5.11,0.73,91.2,"⚠️ ERA alto — candidato a mejorar",41.6,"🟢 Bajo"
"2026","Tigres de Quintana Roo","Ariel Gracia",622739,11.2,0,15,0,0,0.77,0.77,1.72142857142857,6.17,0,0,8,"⚠️ ERA bajo — riesgo regresión",0,"🟢 Bajo"
"2026","Tigres de Quintana Roo","Jose Adames",600853,11.1,0,11,0,1,5.56,1.68,4.50135135135135,12.71,5.56,1.59,57.9,"✓ Estable",57.2,"🟡 Moderado"
"2026","Tigres de Quintana Roo","Michele Vassalotti",677541,11.1,0,11,0,1,9.53,1.59,9.63648648648649,7.94,7.15,3.97,99.3,"⚠️ ERA alto — candidato a mejorar",100,"🔴 Alto — bullpen expuesto"
"2025 (sin datos 2026)","Tigres de Quintana Roo","Thomas Ponticelli",681856,7.1,0,9,1,2,2.45,1.5,5.5443661971831,4.91,4.91,1.23,25.5,"↘ Ligeramente bajo promedio",47.9,"🟢 Bajo"
"2025 (sin datos 2026)","Tigres de Quintana Roo","Ben Onyshko",647306,7,0,11,0,1,11.57,2.86,6.57857142857143,6.43,9,1.29,100,"⚠️ ERA alto — candidato a mejorar",73.3,"🔴 Alto — bullpen expuesto"
"2025 (sin datos 2026)","Tigres de Quintana Roo","Evan Rutckyj",592709,5.1,0,8,0,1,3.38,2.06,5.69901960784314,10.13,6.75,1.69,35.2,"↘ Ligeramente bajo promedio",65.8,"🟡 Moderado"
"2025 (sin datos 2026)","Toros de Tijuana","Ben Braymer",664069,69.1,15,15,6,5,4.15,1.41,4.20643994211288,9.48,4.41,1.17,43.2,"✓ Estable",50.5,"🟡 Moderado"
"2025 (sin datos 2026)","Toros de Tijuana","Julio Teheran",527054,57,12,14,4,3,6.95,1.72,4.44824561403509,6,3.79,0.95,72.4,"↗ Ligeramente sobre promedio",42.4,"🟢 Bajo"
"2025 (sin datos 2026)","Toros de Tijuana","Teddy Stankiewicz",621103,56.2,11,14,3,1,3.34,1.39,3.86174377224199,6.83,2.54,0.95,34.8,"↘ Ligeramente bajo promedio",32.3,"🟢 Bajo"
"2025 (sin datos 2026)","Toros de Tijuana","Caleb Baragar",670056,42.2,11,11,5,0,3.59,1.2,3.95568720379147,9.28,4.01,1.05,37.4,"↘ Ligeramente bajo promedio",51.9,"🟡 Moderado"
"2025 (sin datos 2026)","Toros de Tijuana","Matt Dermody",571616,42.2,9,9,3,3,5.48,1.57,3.52914691943128,5.91,2.32,0.63,57.1,"✓ Estable",29.3,"🟢 Bajo"
"2026","Toros de Tijuana","Daniel Martinez",681979,35,7,7,3,1,2.06,1.29,3.86428571428571,6.17,5.14,0.26,21.5,"⚠️ ERA bajo — riesgo regresión",38.4,"🟢 Bajo"
"2026","Toros de Tijuana","David Reyes",547862,30,6,6,3,1,3.9,0.83,3.78333333333333,7.2,1.5,1.2,40.6,"✓ Estable",30.6,"🟢 Bajo"
"2026","Toros de Tijuana","Randy Wynne",691094,29.1,6,6,1,2,4.3,1.13,2.703264604811,6.44,0.31,0.61,44.8,"✓ Estable",15.7,"🟢 Bajo"
"2026","Toros de Tijuana","Noah Skirrow",659418,26,6,6,2,1,4.15,1.38,2.26538461538462,14.88,2.77,1.04,43.2,"✓ Estable",40.7,"🟢 Bajo"
"2026","Toros de Tijuana","Adonis Medina",658431,22.1,4,4,3,0,1.21,0.94,2.87850678733032,8.87,1.61,0.81,12.6,"⚠️ ERA bajo — riesgo regresión",21.8,"🟢 Bajo"
"2025 (sin datos 2026)","Toros de Tijuana","Alex Sanabia",502253,13.2,3,5,0,0,9.22,2.27,10.4227272727273,5.27,4.61,4.61,96,"⚠️ ERA alto — candidato a mejorar",100,"🔴 Alto — bullpen expuesto"
"2025 (sin datos 2026)","Toros de Tijuana","Domingo Germán",593334,11,3,3,0,0,4.91,1.36,2.33181818181818,9.82,4.09,0,51.1,"✓ Estable",37.9,"🟢 Bajo"
"2025 (sin datos 2026)","Toros de Tijuana","Jared Wilson",623441,23.1,2,16,2,0,3.86,1.2,5.35779220779221,6.56,4.24,1.54,40.2,"✓ Estable",48.5,"🟢 Bajo"
"2026","Toros de Tijuana","Juan Hillman",663535,15.1,1,7,2,1,2.35,0.91,3.81225165562914,9.98,3.52,1.17,24.5,"⚠️ ERA bajo — riesgo regresión",38.7,"🟢 Bajo"
"2025 (sin datos 2026)","Toros de Tijuana","Daniel Zamora",623354,37.1,0,49,2,1,3.62,1.26,3.31172506738544,10.61,3.38,0.96,37.7,"↘ Ligeramente bajo promedio",34.7,"🟢 Bajo"
"2025 (sin datos 2026)","Toros de Tijuana","Jake Fishman",670288,22,0,24,1,0,3.27,1.09,2.05909090909091,8.59,2.45,0,34.1,"↘ Ligeramente bajo promedio",14.7,"🟢 Bajo"
"2026","Toros de Tijuana","Miguel Díaz",622766,20.2,0,20,0,0,3.05,1.06,3.2490099009901,11.32,2.18,1.31,31.8,"↘ Ligeramente bajo promedio",32.7,"🟢 Bajo"
"2026","Toros de Tijuana","Roel Ramírez",641995,18.1,0,19,3,0,0,0.44,1.10580110497238,11.29,1.47,0,0,"⚠️ ERA bajo — riesgo regresión",8.8,"🟢 Bajo"
"2026","Toros de Tijuana","Jorge Perez",656839,18.1,0,7,0,0,2.95,1.31,3.20524861878453,5.89,1.96,0.49,30.7,"↘ Ligeramente bajo promedio",19.1,"🟢 Bajo"
"2026","Toros de Tijuana","Brett de Geus",676969,17.2,0,16,2,0,0.51,0.79,0.998837209302325,10.19,0.51,0,5.3,"⚠️ ERA bajo — riesgo regresión",3.1,"🟢 Bajo"
"2025 (sin datos 2026)","Toros de Tijuana","Alex DuBord",681826,16,0,19,1,0,6.75,1.56,6.0875,9.56,7.88,1.69,70.3,"↗ Ligeramente sobre promedio",72.6,"🔴 Alto — bullpen expuesto"
"2026","Toros de Tijuana","Sam McWilliams",656726,15.2,0,16,2,1,4.6,1.6,2.29473684210526,14.36,4.6,0.57,47.9,"✓ Estable",36.1,"🟢 Bajo"
"2025 (sin datos 2026)","Toros de Tijuana","Diego Castillo",650895,15.1,0,17,1,1,1.76,1.17,3.48112582781457,12.33,4.11,1.17,18.3,"⚠️ ERA bajo — riesgo regresión",42.2,"🟢 Bajo"
"2026","Toros de Tijuana","Brady Feigl",621399,11.2,0,13,0,0,1.54,1.11,2.34642857142857,9.26,3.86,0,16,"⚠️ ERA bajo — riesgo regresión",23.2,"🟢 Bajo"
"2026","Toros de Tijuana","David Gutierrez",664823,11.2,0,12,2,1,8.49,1.63,2.34642857142857,10.8,1.54,0.77,88.4,"⚠️ ERA alto — candidato a mejorar",20.8,"🟢 Bajo"
"2025 (sin datos 2026)","Toros de Tijuana","Jose E. Hernandez",669796,9.1,0,12,0,0,3.86,1.29,4.02912087912088,9.64,4.82,0.96,40.2,"✓ Estable",43.3,"🟢 Bajo"
"2026","Toros de Tijuana","Florencio Serrano",677568,8,0,8,0,0,4.5,1.75,4.775,4.5,7.88,0,46.9,"✓ Estable",47.3,"🟢 Bajo"
"2025 (sin datos 2026)","Toros de Tijuana","Jorge Rondon",504083,7.2,0,11,0,0,10.57,2.22,7.45555555555556,3.52,9.39,1.17,100,"⚠️ ERA alto — candidato a mejorar",73.9,"🔴 Alto — bullpen expuesto"
"2025 (sin datos 2026)","Toros de Tijuana","Bryan Rodriguez",594029,5.2,0,7,0,2,4.76,1.76,5.07307692307692,9.53,4.76,1.59,49.6,"✓ Estable",52.4,"🟡 Moderado"
"2025 (sin datos 2026)","Toros de Tijuana","Silvino Bracho",611093,5,0,6,0,1,5.4,1.8,3.55,3.6,3.6,0,56.3,"✓ Estable",21.6,"🟢 Bajo"
